endTime,artistName,trackName,msPlayed
2023-05-04 20:14,黒皇帝,Chronostasis,136297
2024-01-30 06:51,25時、ナイトコードで。,ジェヘナ (feat. 東雲絵名&暁山瑞希&初音ミク),93220
2024-02-19 04:05,Christell,Dubidubidu (Chipi Chipi Chapa Chapa),236450
2024-02-19 04:05,Noisestorm,Crab Rave,14479
2024-02-19 04:08,25時、ナイトコードで。,フォニイ (feat. 宵崎奏&朝比奈まふゆ&東雲絵名&暁山瑞希&MEIKO),1626
2024-02-19 04:08,25時、ナイトコードで。,ノンブレス・オブリージュ (feat. 宵崎奏&朝比奈まふゆ&東雲絵名&暁山瑞希&初音ミク),209933
2024-02-19 04:11,DUSTCELL,Void,173586
2024-02-19 04:15,須田景凪,パメラ - self cover,6903
2024-02-19 04:16,HIMEHINA,God Eater,12250
2024-02-19 04:16,HIMEHINA,Heart Pie Dancehall,29230
2024-02-19 04:16,HIMEHINA,Moonlight Seeker,4210
2024-02-19 04:16,HIMEHINA,Time Will Kiss,2850
2024-02-19 04:16,HIMEHINA,Lovesick,3810
2024-02-19 04:18,HIMEHINA,GOLDEN,18690
2024-02-19 04:21,HIMEHINA,"Hello, Hologram",202323
2024-02-19 04:25,HIMEHINA,WWW,168352
2024-02-19 04:29,Eve,Bokurano,212708
2024-02-19 04:49,Kenshi Yonezu,ピースサイン - Peace Sign,217841
2024-02-19 05:28,Creepy Nuts,Bling-Bang-Bang-Born,51230
2024-02-19 06:08,Christell,Dubidubidu (Chipi Chipi Chapa Chapa),203136
2024-03-03 03:08,長瀬有花,Orangescale,35610
2024-03-03 03:12,Masayuki Suzuki,DADDY ! DADDY ! DO !,236456
2024-03-04 13:10,Christell,Mi mamá me mima,1648
2024-03-04 13:11,Christell,Chris Mix,812
2024-03-04 13:11,Christell,Corazón Gris,534
2024-03-04 13:11,Christell,Como quieres que te quiera,510
2024-03-04 13:12,25時、ナイトコードで。,ロウワー (feat. 宵崎奏&朝比奈まふゆ&東雲絵名&暁山瑞希&MEIKO),4969
2024-03-04 13:12,Christell,Dubidubidu (Chipi Chipi Chapa Chapa),97570
2024-03-04 13:12,Vivid BAD SQUAD,ひつじがいっぴき (feat. 小豆沢こはね&白石杏&東雲彰人&青柳冬弥&MEIKO),1671
2024-03-04 13:16,25時、ナイトコードで。,悔やむと書いてミライ (feat. 宵崎奏&朝比奈まふゆ&東雲絵名&暁山瑞希&初音ミク),229100
2024-03-04 13:19,25時、ナイトコードで。,ビターチョコデコレーション (feat. 宵崎奏&朝比奈まふゆ&東雲絵名&暁山瑞希&初音ミク),197320
2024-03-04 13:23,25時、ナイトコードで。,フォニイ (feat. 宵崎奏&朝比奈まふゆ&東雲絵名&暁山瑞希&MEIKO),188966
2024-03-04 13:25,25時、ナイトコードで。,ザムザ (feat. 宵崎奏&朝比奈まふゆ&東雲絵名&暁山瑞希&KAITO),124503
2024-03-05 05:56,Eve,Last Dance,10041
2024-04-11 22:01,Milky Chance,Stolen Dance,72430
2024-04-11 22:02,The Kid LAROI,STAY (with Justin Bieber),60840
2024-04-11 22:06,Beyoncé,TEXAS HOLD 'EM,211930
2024-04-11 22:09,DUSTCELL,足りない,181853
2024-04-11 22:13,DUSTCELL,Caffeine,186650
2024-04-11 22:16,DUSTCELL,Void,173586
2024-04-11 22:20,DUSTCELL,命の行方,204560
2024-04-11 22:24,DUSTCELL,アネモネ,191933
2024-04-11 22:28,DUSTCELL,オルターエゴ,222866
2024-04-11 22:31,DUSTCELL,火焔,178106
2024-04-12 00:42,DUSTCELL,蜜蜂,142350
2024-04-16 02:37,Young Thug,Memo,35590
2024-04-16 02:37,Gunna,Pedestrian,33940
2024-04-16 02:40,DUSTCELL,足りない,179990
2024-04-16 02:43,DUSTCELL,火焔,178106
2024-04-16 02:45,Finn O'Hara,You Deserve A Better Man,14570
2024-04-16 02:45,DUSTCELL,蜜蜂,104993
2024-04-16 02:47,Harry Styles,As It Was,119899
2024-04-16 02:51,Harry Styles,Watermelon Sugar,174000
2024-04-16 02:55,Harry Styles,Adore You,207133
2024-04-16 03:01,Harry Styles,Sign of the Times,340706
2024-04-16 03:06,Harry Styles,Falling,240133
2024-04-16 03:09,Harry Styles,Late Night Talking,177954
2024-04-16 03:13,Harry Styles,Matilda,245964
2024-04-16 03:21,Harry Styles,Fine Line,377960
2024-04-16 03:21,Harry Styles,Satellite,3174
2024-04-16 04:27,Harry Styles,Satellite,3720
2024-04-16 04:31,DUSTCELL,足りない,181853
2024-04-16 04:38,DUSTCELL,Kick It Down,119583
2024-04-16 04:41,DUSTCELL,Void,173586
2024-04-16 04:45,DUSTCELL,フラッシュバック,209068
2024-04-16 04:48,DUSTCELL,TULPA,182906
2024-04-16 04:53,DUSTCELL,蜜蜂,194520
2024-04-16 04:56,DUSTCELL,SAVEPOINT,182000
2024-04-16 04:59,DUSTCELL,アネモネ,191933
2024-04-16 05:02,DUSTCELL,火焔,178106
2024-04-16 11:22,DUSTCELL,CULT,201266
2024-04-16 11:23,25時、ナイトコードで。,携帯恋話 (feat. 東雲絵名&暁山瑞希&初音ミク),1490
2024-04-16 11:26,25時、ナイトコードで。,Iなんです (feat. 宵崎奏&朝比奈まふゆ&東雲絵名&暁山瑞希&初音ミク),146533
2024-04-16 11:28,25時、ナイトコードで。,アイディスマイル (feat. 宵崎奏&朝比奈まふゆ&東雲絵名&暁山瑞希&MEIKO),106076
2024-04-16 12:30,25時、ナイトコードで。,ロウワー (feat. 宵崎奏&朝比奈まふゆ&東雲絵名&暁山瑞希&MEIKO),4120
2024-04-16 12:30,MORE MORE JUMP!,モア！ジャンプ！モア！ (feat. 花里みのり&桐谷遥&桃井愛莉&日野森雫&初音ミク),1730
2024-04-16 12:30,ワンダーランズ×ショウタイム,トンデモワンダーズ (feat. 天馬司&鳳えむ&草薙寧々&神代類&KAITO),1970
2024-04-16 12:33,DUSTCELL,ANTIHERO,167426
2024-04-16 12:37,DUSTCELL,Void,173586
2024-04-16 12:39,DUSTCELL,PAIN,110473
2024-04-16 17:23,DUSTCELL,PAIN,1540
2024-04-16 17:24,DUSTCELL,Caffeine,68460
2024-04-17 13:22,DUSTCELL,Caffeine,2040
2024-04-17 15:23,DUSTCELL,CULT,197540
2024-04-17 15:26,DUSTCELL,DERO,183580
2024-04-17 15:29,DUSTCELL,足りない,180285
2024-04-17 15:32,DUSTCELL,火焔,153544
2024-04-17 19:04,BAD HOP,"Last Party Never End (feat. Tiji Jojo, YZERR, Vingo & Yellow Pato)",9510
2024-04-17 19:05,BAD HOP,Kawasaki Drift,2520
2024-04-17 19:05,m.o.v.e,Gamble Rumble,1260
2024-04-17 19:05,m.o.v.e,Gamble Rumble,4850
2024-04-17 19:07,m.o.v.e,Gamble Rumble,37600
2024-04-17 19:10,Drewmat,Long Way Home,6630
2024-04-17 19:10,Drewmat,Long Way Home,10170
2024-04-17 19:10,Bibi Babydoll,Automotivo Bibi Fogosa,7530
2024-04-17 19:10,m.o.v.e,Gamble Rumble,9380
2024-04-17 19:10,m.o.v.e,Gamble Rumble,1970
2024-04-17 19:11,DJ Shadow,Six Days - Remix,63770
2024-04-17 19:11,DJ Shadow,Six Days - Remix,5460
2024-04-17 19:11,Drewmat,Long Way Home,1520
2024-04-17 19:11,Drewmat,Long Way Home,7040
2024-04-17 19:11,Creepy Nuts,Bling-Bang-Bang-Born,1880
2024-04-17 19:14,edhiii boi,おともだち,5380
2024-04-17 19:14,XAN,PROMISE (feat. Ccn & vivi),2850
2024-04-17 19:14,Yuzo Koshiro,Happy Moment,1300
2024-04-17 19:14,Creepy Nuts,Bling-Bang-Bang-Born,164050
2024-04-17 19:17,edhiii boi,おともだち,179308
2024-04-17 19:18,QUEEN BEE,01,9040
2024-04-17 19:20,QUEEN BEE,01,179414
2024-04-17 19:21,Ayase,飛天,9680
2024-04-17 19:24,Creepy Nuts,ばかまじめ,9520
2024-04-17 19:24,Ayase,飛天,174664
2024-04-17 19:26,Creepy Nuts,ばかまじめ,162420
2024-04-17 19:27,Taylor Swift,Bad Blood,9850
2024-04-17 19:30,Turbo,Cha Cha Cha,9240
2024-04-17 19:30,Taylor Swift,Bad Blood,191479
2024-04-17 19:33,Turbo,Cha Cha Cha,166740
2024-04-17 19:33,Louis Vision,Love's Like A Western Song,9850
2024-04-17 19:36,m.o.v.e,Rage your dream,9870
2024-04-17 19:36,Louis Vision,Love's Like A Western Song,177820
2024-04-17 19:40,m.o.v.e,Rage your dream,262150
2024-04-17 19:41,BUMP OF CHICKEN,天体観測,9570
2024-04-17 19:44,BUMP OF CHICKEN,天体観測,235370
2024-04-17 19:45,SEKAI NO OWARI,最高到達点,9680
2024-04-17 19:45,BUMP OF CHICKEN,天体観測,9720
2024-04-17 19:45,BUMP OF CHICKEN,天体観測,15940
2024-04-17 19:46,SEKAI NO OWARI,最高到達点,2000
2024-04-17 19:46,SEKAI NO OWARI,最高到達点,45300
2024-04-17 19:47,SEKAI NO OWARI,最高到達点,55220
2024-04-17 19:49,SEKAI NO OWARI,最高到達点,114530
2024-04-17 19:49,ONE OK ROCK,Renegades,9430
2024-04-17 19:50,ONE OK ROCK,Renegades,96280
2024-04-17 19:51,ONE OK ROCK,Renegades,2210
2024-04-17 19:53,ONE OK ROCK,Broken Heart of Gold - Japanese Version,9600
2024-04-17 19:53,ONE OK ROCK,Renegades,136729
2024-04-17 19:57,ONE OK ROCK,Broken Heart of Gold - Japanese Version,244748
2024-04-17 19:57,ONE OK ROCK,The Beginning,9380
2024-04-17 20:02,Bars and Melody,Waiting For The Sun,9270
2024-04-17 20:02,ONE OK ROCK,The Beginning,283813
2024-04-17 20:05,Bars and Melody,Waiting For The Sun,188020
2024-04-17 20:05,Teriyaki Boyz,"Tokyo Drift (Fast & Furious) - From ""The Fast And The Furious: Tokyo Drift"" Soundtrack",9730
2024-04-17 20:06,Teriyaki Boyz,"Tokyo Drift (Fast & Furious) - From ""The Fast And The Furious: Tokyo Drift"" Soundtrack",36800
2024-04-17 20:06,Teriyaki Boyz,"Tokyo Drift (Fast & Furious) - From ""The Fast And The Furious: Tokyo Drift"" Soundtrack",5270
2024-04-17 20:10,Novelbright,Walking with you,8840
2024-04-17 20:10,Novelbright,Walking with you,610
2024-04-17 20:10,Novelbright,Walking with you,4920
2024-04-17 20:10,Novelbright,Walking with you,3580
2024-04-17 20:10,Novelbright,Walking with you,9310
2024-04-17 20:10,Novelbright,Walking with you,700
2024-04-17 20:10,Teriyaki Boyz,"Tokyo Drift (Fast & Furious) - From ""The Fast And The Furious: Tokyo Drift"" Soundtrack",204349
2024-04-17 20:13,Novelbright,Walking with you,194350
2024-04-17 20:13,DUSTCELL,火焔,11010
2024-04-17 20:16,DUSTCELL,命の行方,9770
2024-04-17 20:16,DUSTCELL,火焔,167320
2024-04-17 20:17,DUSTCELL,命の行方,30620
2024-04-17 20:17,DUSTCELL,命の行方,19020
2024-04-17 20:17,DUSTCELL,命の行方,2630
2024-04-17 20:17,DUSTCELL,命の行方,4410
2024-04-17 20:20,DUSTCELL,Caffeine,9090
2024-04-17 20:20,DUSTCELL,命の行方,138555
2024-04-17 20:23,YOASOBI,勇者,9120
2024-04-17 20:23,DUSTCELL,Caffeine,177887
2024-04-17 20:26,YOASOBI,勇者,185173
2024-04-17 20:26,Ado,唱,9500
2024-04-17 20:29,LE SSERAFIM,UNFORGIVEN - Japanese ver.,9120
2024-04-17 20:29,Ado,唱,180962
2024-04-17 20:32,MY FIRST STORY,I'm a mess,9490
2024-04-17 20:32,LE SSERAFIM,UNFORGIVEN - Japanese ver.,174072
2024-04-17 20:36,MY FIRST STORY,I'm a mess,239730
2024-04-17 20:37,ALI,LOST IN PARADISE,9830
2024-04-17 20:42,ALI,LOST IN PARADISE,318370
2024-04-17 20:42,YOASOBI,勇者,9840
2024-04-17 20:44,YOASOBI,勇者,680
2024-04-17 20:44,YOASOBI,勇者,8840
2024-04-17 20:44,YOASOBI,勇者,99480
2024-04-17 20:44,YOASOBI,勇者,620
2024-04-17 20:45,Eminem,Godzilla (feat. Juice WRLD),8503
2024-04-17 20:45,YOASOBI,勇者,75416
2024-04-17 20:46,Eminem,Godzilla (feat. Juice WRLD),14650
2024-04-17 20:46,Eminem,Godzilla (feat. Juice WRLD),14960
2024-04-17 20:46,Eminem,Godzilla (feat. Juice WRLD),4260
2024-04-17 20:46,Eminem,Godzilla (feat. Juice WRLD),18870
2024-04-17 20:49,Eminem,Godzilla (feat. Juice WRLD),148680
2024-04-17 20:49,夏代孝明,エンドロール,8610
2024-04-17 20:53,Eminem,Without Me,143
2024-04-17 20:53,Eminem,Without Me,8250
2024-04-17 20:53,夏代孝明,エンドロール,253276
2024-04-17 20:58,Eminem,Without Me,280800
2024-04-17 20:58,CREAM,PLAYBOY,9770
2024-04-17 21:01,QUEEN BEE,メフィスト,9750
2024-04-17 21:01,CREAM,PLAYBOY,190720
2024-04-17 21:03,QUEEN BEE,メフィスト,100650
2024-04-17 21:03,QUEEN BEE,メフィスト,3010
2024-04-17 21:05,Nakimushi,Tokyo Wonder.,9140
2024-04-17 21:05,QUEEN BEE,メフィスト,114800
2024-04-17 21:08,Nakimushi,Tokyo Wonder.,141040
2024-04-17 21:08,Vicetone,Nevada,8870
2024-04-17 21:08,Vicetone,Nevada,50
2024-04-17 21:08,Vicetone,Nevada,720
2024-04-17 21:11,Ado,DIGNITY,8479
2024-04-17 21:11,Vicetone,Nevada,199910
2024-04-17 21:15,Ado,DIGNITY,243748
2024-04-17 21:16,Ado,Tot Musica,9050
2024-04-17 21:19,Ado,Tot Musica,185440
2024-04-17 21:19,Ado,唱,36110
2024-04-17 21:19,Ado,唱,9840
2024-04-18 00:12,Ado,唱,7140
2024-04-18 00:14,kemu,Rokuchonen to ichiya monogatari (feat. IA),0
2024-04-18 00:14,John,shun-ran,161872
2024-04-18 00:17,SKY-HI,何様 - feat. たなか - From THE FIRST TAKE,175000
2024-04-18 00:18,Boku no Lyric no Boyomi,sub/objective,1610
2024-04-18 00:18,Boku no Lyric no Boyomi,朝焼けと熱帯魚,22760
2024-04-18 00:18,Boku no Lyric no Boyomi,Black Bird,1060
2024-04-18 00:18,Kanaria,QUEEN,15120
2024-04-18 01:31,Boku no Lyric no Boyomi,SKY's the limit,85430
2024-04-18 01:35,Kenshi Yonezu,KICK BACK,193495
2024-04-18 01:36,Kenshi Yonezu,さよーならまたいつか！- Sayonara,60964
2024-04-18 01:40,Kenshi Yonezu,ピースサイン - Peace Sign,238533
2024-04-18 02:34,Boku no Lyric no Boyomi,Noah's Ark,3600
2024-04-18 02:34,Boku no Lyric no Boyomi,SKY's the limit,19250
2024-04-18 02:34,Harry Styles,As It Was,7370
2024-04-18 02:34,Boku no Lyric no Boyomi,Black Bird,2070
2024-04-18 02:34,Kenshi Yonezu,Lemon,80276
2024-04-18 02:34,Boku no Lyric no Boyomi,罠,2800
2024-04-18 02:37,DUSTCELL,Caffeine,186650
2024-04-18 02:41,DUSTCELL,LAZY,222013
2024-04-18 02:44,DUSTCELL,ANTIHERO,167426
2024-04-18 02:45,DUSTCELL,白雨,66333
2024-04-18 02:48,DUSTCELL,足りない,180285
2024-04-18 02:51,DUSTCELL,命の行方,204560
2024-04-18 02:52,DUSTCELL,SOPPY,44649
2024-04-18 02:56,DUSTCELL,フラッシュバック,209068
2024-04-18 02:58,DUSTCELL,Kick It Down,175280
2024-04-18 03:02,DUSTCELL,オルターエゴ,222866
2024-04-18 03:06,DUSTCELL,フラッシュバック,209068
2024-04-18 03:09,DUSTCELL,TULPA,182906
2024-04-18 03:12,DUSTCELL,オルターエゴ,222954
2024-04-18 03:13,DUSTCELL,Void,21036
2024-04-18 15:04,DUSTCELL,火焔,2150
2024-04-18 15:05,DUSTCELL,STIGMA,6320
2024-04-18 15:05,DUSTCELL,STIGMA,660
2024-04-18 15:08,DUSTCELL,STIGMA,197463
2024-04-18 15:12,DUSTCELL,オルターエゴ,222866
2024-04-18 15:14,須田景凪,mock,369
2024-04-18 15:14,DUSTCELL,Mad Hatter,139000
2024-04-18 15:14,SEKAI NO OWARI,umbrella,520
2024-04-18 15:14,Mrs. GREEN APPLE,インフェルノ,0
2024-04-18 15:14,Mrs. GREEN APPLE,インフェルノ,34
2024-04-18 15:14,sasanomaly,空と虚,0
2024-04-18 15:14,Tatsuya Kitani,ハイドアンドシーク,286
2024-04-18 15:14,YOASOBI,夜に駆ける,471
2024-04-18 15:14,Nakimushi,Shinpai Shou.,0
2024-04-18 15:17,DUSTCELL,アネモネ,191933
2024-04-18 15:18,DUSTCELL,透明度,60676
2024-04-18 15:21,Måneskin,I WANNA BE YOUR SLAVE,170770
2024-04-18 15:24,The Kid LAROI,STAY (with Justin Bieber),121400
2024-04-19 05:43,Kenshi Yonezu,Black Sheep,7790
2024-04-19 05:43,Kenshi Yonezu,眼福,2320
2024-04-19 05:43,Kenshi Yonezu,パプリカ,830
2024-04-19 05:47,Kenshi Yonezu,飛燕,243333
2024-04-19 05:51,Kenshi Yonezu,打上花火,2473
2024-04-19 05:51,Kenshi Yonezu,ピースサイン - Peace Sign,238533
2024-04-19 05:54,Kenshi Yonezu,愛麗絲（正式表記はAliceの中国語簡体字表記となります。）,189760
2024-04-19 05:58,Kenshi Yonezu,Moonlight,224706
2024-04-19 06:33,Kenshi Yonezu,fogbound ( + 池田エライザ ),185393
2024-04-19 06:37,Kenshi Yonezu,LOSER,243813
2024-04-19 06:42,Kenshi Yonezu,春雷,288893
2024-04-19 12:12,The Kid LAROI,STAY (with Justin Bieber),5560
2024-04-19 12:12,Kenshi Yonezu,灰色と青 ( + 菅田将暉 ),310973
2024-04-19 12:16,Kenshi Yonezu,飛燕,243333
2024-04-19 12:20,Kenshi Yonezu,砂の惑星 ( + 初音ミク ),240026
2024-04-19 12:25,Kenshi Yonezu,orion,281906
2024-04-19 13:11,Kenshi Yonezu,LOSER,5423
2024-04-19 13:14,Kenshi Yonezu,愛麗絲（正式表記はAliceの中国語簡体字表記となります。）,189760
2024-04-19 13:15,Kenshi Yonezu,Moonlight,63530
2024-04-19 13:19,Kenshi Yonezu,ピースサイン - Peace Sign,238533
2024-04-19 15:00,Kenshi Yonezu,Nighthawks,156996
2024-04-19 15:01,25時、ナイトコードで。,悔やむと書いてミライ (feat. 宵崎奏&朝比奈まふゆ&東雲絵名&暁山瑞希&初音ミク),26900
2024-04-19 15:04,DUSTCELL,アネモネ,5007
2024-04-19 15:04,Mafumafu,Kuyamu To Kaite Mirai,207432
2024-04-19 15:07,DUSTCELL,足りない,181853
2024-04-19 15:10,DUSTCELL,CULT,176706
2024-04-19 15:13,DUSTCELL,Mad Hatter,160666
2024-04-19 15:13,DUSTCELL,過去の蜃気楼,33593
2024-04-22 12:13,DUSTCELL,過去の蜃気楼,200260
2024-04-22 12:16,DUSTCELL,フラッシュバック,209068
2024-04-22 12:18,DUSTCELL,透明度,76402
2024-04-22 12:19,DUSTCELL,ID,99670
2024-04-22 12:21,DUSTCELL,漂泊者,92690
2024-04-22 12:24,DUSTCELL,フラッシュバック,209068
2024-04-22 13:00,niKu,Lights,4680
2024-04-22 13:03,DUSTCELL,ONE,125970
2024-04-22 13:04,DUSTCELL,不成者,62930
2024-04-22 13:07,Kenshi Yonezu,KICK BACK,193495
2024-04-22 13:11,Kenshi Yonezu,PLACEBO ＋ 野田洋次郎,240253
2024-04-22 13:15,Kenshi Yonezu,春雷,244531
2024-04-22 13:18,Kenshi Yonezu,ゴーゴー幽霊船,194010
2024-04-22 23:42,Kenshi Yonezu,LOSER,1260
2024-04-22 23:42,Kenshi Yonezu,ピースサイン - Peace Sign,158080
2024-04-22 23:42,Kenshi Yonezu,M八七,230
2024-04-22 23:42,Kenshi Yonezu,さよーならまたいつか！- Sayonara,510
2024-04-22 23:42,Kenshi Yonezu,クランベリーとパンケーキ,710
2024-04-22 23:42,Kenshi Yonezu,ひまわり,650
2024-04-22 23:42,Kenshi Yonezu,Paper Flower,1350
2024-04-22 23:46,Kenshi Yonezu,カムパネルラ,0
2024-04-22 23:46,Kenshi Yonezu,MAD HEAD LOVE,218226
2024-04-22 23:47,Kenshi Yonezu,vivi,810
2024-04-22 23:47,Kenshi Yonezu,Pale Blue,4000
2024-04-22 23:47,Kenshi Yonezu,打上花火,500
2024-04-22 23:47,Kenshi Yonezu,アンビリーバーズ,620
2024-04-22 23:47,hachi,砂の惑星 feat.初音ミク,26640
2024-04-22 23:47,Kenshi Yonezu,ゆめうつつ - Daydream,920
2024-04-22 23:47,Kenshi Yonezu,パプリカ,240
2024-04-22 23:47,Kenshi Yonezu,ララバイさよなら,1540
2024-04-22 23:47,Kenshi Yonezu,POP SONG,940
2024-04-22 23:47,Kenshi Yonezu,死神,1280
2024-04-22 23:50,Kenshi Yonezu,ナンバーナイン,2390
2024-04-22 23:50,Kenshi Yonezu,馬と鹿,410
2024-04-22 23:50,Kenshi Yonezu,TEENAGE RIOT,218200
2024-04-22 23:50,Kenshi Yonezu,恥ずかしくってしょうがねえ,510
2024-04-22 23:54,Kenshi Yonezu,でしょましょ,740
2024-04-22 23:54,Kenshi Yonezu,Neighbourhood,670
2024-04-22 23:54,Kenshi Yonezu,愛麗絲（正式表記はAliceの中国語簡体字表記となります。）,189760
2024-04-22 23:54,Kenshi Yonezu,海の幽霊,530
2024-04-22 23:54,Kenshi Yonezu,あめふり婦人,630
2024-04-22 23:54,Kenshi Yonezu,地球儀 - Spinning Globe,590
2024-04-22 23:54,Kenshi Yonezu,Décolleté,6130
2024-04-22 23:54,Kenshi Yonezu,Flamingo,1040
2024-04-22 23:54,Kenshi Yonezu,灰色と青 ( + 菅田将暉 ),620
2024-04-22 23:54,Kenshi Yonezu,灰色と青 ( + 菅田将暉 ),490
2024-04-22 23:54,Daoko,打上花火,1370
2024-04-22 23:54,Kenshi Yonezu,翡翠の狼,13610
2024-04-22 23:54,Kenshi Yonezu,翡翠の狼,700
2024-04-22 23:58,DUSTCELL,フラッシュバック,209068
2024-04-23 01:01,DUSTCELL,フラッシュバック,209068
2024-04-23 01:05,DUSTCELL,Caffeine,186650
2024-04-23 01:08,sekai,Baba Yaga - ver.sekai,164651
2024-04-23 01:11,niKu,Melts in the cherry blossoms (feat. sanari),207761
2024-04-23 01:58,DUSTCELL,オルターエゴ,109721
2024-04-23 01:58,niKu,Melts in the cherry blossoms (feat. sanari),2250
2024-04-23 01:58,DUSTCELL,Heaven and Hell,1280
2024-04-23 01:58,DUSTCELL,命の行方,1000
2024-04-23 01:58,sekai,Baba Yaga - ver.sekai,1910
2024-04-23 01:59,DUSTCELL,Kick It Down,1880
2024-04-23 01:59,DUSTCELL,ANTIHERO,1490
2024-04-23 02:02,DUSTCELL,火焔,175640
2024-04-23 02:05,DUSTCELL,フラッシュバック,199444
2024-04-23 02:06,DUSTCELL,albino,20726
2024-04-23 17:21,DUSTCELL,アネモネ,165530
2024-04-23 17:22,DUSTCELL,TULPA,380
2024-04-23 17:22,DUSTCELL,足りない,90
2024-04-23 17:22,Shiyui,Cattleya,140
2024-04-23 17:22,DUSTCELL,CULT,400
2024-04-23 17:22,DUSTCELL,ONE,530
2024-04-23 17:22,DUSTCELL,PAIN,350
2024-04-23 17:22,DUSTCELL,オルターエゴ,430
2024-04-23 17:22,DUSTCELL,オルターエゴ,160
2024-04-23 17:22,DUSTCELL,STIGMA,390
2024-04-23 17:22,DUSTCELL,透明度,450
2024-04-23 17:22,DUSTCELL,ID,510
2024-04-23 17:22,DUSTCELL,SOPPY,430
2024-04-23 17:22,DUSTCELL,Caffeine,1390
2024-04-23 17:22,DUSTCELL,Caffeine,70050
2024-04-23 17:22,DUSTCELL,Mad Hatter,450
2024-04-23 17:22,DUSTCELL,蜜蜂,490
2024-04-23 17:22,DAZBEE,アディオス,270
2024-04-23 17:22,n-buna,ヨヒラ,520
2024-04-23 17:22,DUSTCELL,不成者,530
2024-04-23 17:22,DUSTCELL,過去の蜃気楼,400
2024-04-23 17:22,DUSTCELL,DERO,450
2024-04-23 17:22,DUSTCELL,堕落生活,500
2024-04-23 17:22,MIMI,minimum (feat. wanko),210
2024-04-23 17:22,DUSTCELL,漂泊者,460
2024-04-23 17:22,DUSTCELL,どした？,70
2024-04-23 17:22,DUSTCELL,独白 - カンザキイオリ Remix,590
2024-04-23 17:22,niKu,Sion,80
2024-04-23 17:22,DUSTCELL,火焔,710
2024-04-23 17:22,sana,kagikko,550
2024-04-23 17:22,sekai,sensei no koto suki ni nacchau - ver.sekai,580
2024-04-23 17:22,DUSTCELL,Void,370
2024-04-23 17:22,HACHI,Deep Sleep Sheep,60
2024-04-23 17:23,konoco,Nariyamanai,14240
2024-04-23 17:26,SWALLOW,TOKIWA,570
2024-04-23 17:26,niKu,Melts in the cherry blossoms (feat. sanari),1230
2024-04-23 17:26,DUSTCELL,Caffeine,15731
2024-04-23 17:26,Tsumiki,shampoo (feat. Airi Suzuki),1010
2024-04-23 17:26,DUSTCELL,フラッシュバック,209068
2024-04-23 17:27,藍空と月,Sora to yuuenchi,600
2024-04-23 17:27,Nemo_Suzumi,UMenity,590
2024-04-23 17:29,DUSTCELL,火焔,178106
2024-04-23 17:30,Natsunose,MAYOIGO,4200
2024-04-23 17:30,DAZBEE,シュガーコート,590
2024-04-23 17:30,niKu,Lights,49143
2024-04-23 17:30,konoco,Nariyamanai,920
2024-04-23 17:34,DUSTCELL,堕落生活,22391
2024-04-23 17:34,DUSTCELL,フラッシュバック,209068
2024-04-24 15:17,DUSTCELL,足りない,490
2024-04-24 15:17,DUSTCELL,Caffeine,1300
2024-04-24 15:17,DUSTCELL,ANTIHERO,24080
2024-04-24 15:17,DUSTCELL,ANTIHERO,1000
2024-04-24 15:17,DUSTCELL,Heaven and Hell,2700
2024-04-24 15:18,DUSTCELL,火焔,60200
2024-04-24 15:22,niKu,Lights,1651
2024-04-24 15:22,DUSTCELL,フラッシュバック,209068
2024-04-24 15:22,Creepy Nuts,犬も食わない,730
2024-04-24 15:25,Drake,Push Ups,1040
2024-04-24 15:25,SKY-HI,何様 - feat. たなか - From THE FIRST TAKE,175000
2024-04-24 15:26,Eminem,Till I Collapse,63180
2024-04-24 15:30,Mafumafu,Kuyamu To Kaite Mirai,229347
2024-04-25 21:09,DUSTCELL,アネモネ,174212
2024-04-25 21:13,niKu,Lights,6071
2024-04-25 21:13,DUSTCELL,フラッシュバック,209068
2024-04-25 21:15,DUSTCELL,ONE,3090
2024-04-25 21:15,DUSTCELL,ANTIHERO,149531
2024-04-25 21:15,DUSTCELL,albino,1709
2024-04-25 21:19,DUSTCELL,アネモネ,191933
2024-04-25 21:21,DUSTCELL,PAIN,690
2024-04-25 21:21,DUSTCELL,オルターエゴ,760
2024-04-25 21:21,DUSTCELL,透明度,1490
2024-04-25 21:21,DUSTCELL,Mad Hatter,1800
2024-04-25 21:21,DUSTCELL,Void,3986
2024-04-25 21:24,DUSTCELL,TULPA,0
2024-04-25 21:24,DUSTCELL,蜜蜂,1200
2024-04-25 21:24,DUSTCELL,堕落生活,0
2024-04-25 21:24,DUSTCELL,独白 - カンザキイオリ Remix,0
2024-04-25 21:24,DUSTCELL,火焔,151470
2024-04-25 21:27,DUSTCELL,TULPA,0
2024-04-25 21:27,DUSTCELL,ID,7641
2024-04-25 21:27,DUSTCELL,フラッシュバック,760
2024-04-25 21:27,DUSTCELL,フラッシュバック,209068
2024-04-25 21:31,DUSTCELL,CULT,5190
2024-04-25 21:31,DUSTCELL,ID,5001
2024-04-25 21:31,DUSTCELL,フラッシュバック,209068
2024-04-26 02:21,DUSTCELL,Caffeine,79220
2024-04-26 02:25,DUSTCELL,可笑しな生き物,790
2024-04-26 02:25,DUSTCELL,CULT,2660
2024-04-26 02:25,DUSTCELL,STIGMA,1350
2024-04-26 02:25,DUSTCELL,Caffeine,19201
2024-04-26 02:25,DUSTCELL,アネモネ,810
2024-04-26 02:25,DUSTCELL,Mad Hatter,1230
2024-04-26 02:25,DUSTCELL,過去の蜃気楼,160
2024-04-26 02:25,DUSTCELL,堕落生活,1710
2024-04-26 02:25,DUSTCELL,独白 - カンザキイオリ Remix,710
2024-04-26 02:25,DUSTCELL,フラッシュバック,209068
2024-04-26 02:28,DUSTCELL,STIGMA,135510
2024-04-26 02:28,DUSTCELL,過去の蜃気楼,720
2024-04-26 02:29,DUSTCELL,Void,104890
2024-04-26 02:30,DUSTCELL,命の行方,34230
2024-04-26 02:32,DUSTCELL,TULPA,1650
2024-04-26 02:32,DUSTCELL,蜜蜂,125320
2024-04-26 02:32,DUSTCELL,不成者,630
2024-04-26 02:32,DUSTCELL,Heaven and Hell,630
2024-04-26 02:32,DUSTCELL,DERO,450
2024-04-26 02:32,DUSTCELL,漂泊者,640
2024-04-26 02:34,DUSTCELL,足りない,480
2024-04-26 02:34,DUSTCELL,ANTIHERO,710
2024-04-26 02:34,DUSTCELL,火焔,88120
2024-04-26 15:17,DUSTCELL,ONE,8311
2024-04-26 15:17,DUSTCELL,PAIN,710
2024-04-26 15:17,DUSTCELL,オルターエゴ,1420
2024-04-26 15:17,DUSTCELL,透明度,830
2024-04-26 15:17,DUSTCELL,ID,610
2024-04-26 15:17,DUSTCELL,SOPPY,670
2024-04-26 15:17,DUSTCELL,Caffeine,700
2024-04-26 15:17,DUSTCELL,Kick It Down,690
2024-04-26 15:17,DUSTCELL,albino,790
2024-04-26 15:17,DUSTCELL,どした？,970
2024-04-26 15:17,DUSTCELL,フラッシュバック,284438
2024-04-26 15:19,konoco,Bullets,1120
2024-04-26 15:19,DUSTCELL,火焔,154050
2024-04-26 15:20,DUSTCELL,足りない,8530
2024-04-26 15:20,sekai,sensei no koto suki ni nacchau - ver.sekai,6740
2024-04-26 15:23,Mafumafu,Kuyamu To Kaite Mirai,200930
2024-04-26 15:27,DUSTCELL,フラッシュバック,209068
2024-04-26 15:30,DUSTCELL,Caffeine,186650
2024-04-26 15:31,Kenshi Yonezu,LOSER,1480
2024-04-26 15:31,Kenshi Yonezu,愛麗絲（正式表記はAliceの中国語簡体字表記となります。）,3730
2024-04-26 15:31,niKu,Lights,71180
2024-04-26 15:31,Kenshi Yonezu,orion,1810
2024-04-26 15:31,Kenshi Yonezu,Moonlight,1080
2024-04-26 15:31,Kenshi Yonezu,灰色と青 ( + 菅田将暉 ),560
2024-04-26 15:34,Kenshi Yonezu,ナンバーナイン,870
2024-04-26 15:34,Kenshi Yonezu,fogbound ( + 池田エライザ ),1000
2024-04-26 15:34,Kenshi Yonezu,Nighthawks,156220
2024-04-26 15:37,Kenshi Yonezu,飛燕,223440
2024-04-26 21:09,HIMEHINA,Introduction：Sparkler - Live2023『Summerlight Seeker』,2220
2024-04-26 21:09,Kenshi Yonezu,砂の惑星 ( + 初音ミク ),86100
2024-04-26 21:12,HIMEHINA,WWW - Live2023『Summerlight Seeker』,149110
2024-04-26 21:13,HIMEHINA,Rondo & Naide - Live2023『Summerlight Seeker』,104250
2024-04-26 21:14,HIMEHINA,Skylarks - Live2023『Summerlight Seeker』,10839
2024-04-26 21:17,HIMEHINA,GOLDEN - Live2023『Summerlight Seeker』,185920
2024-04-26 21:17,HIMEHINA,Ningendo - Live2023『Summerlight Seeker』,2920
2024-04-26 21:18,HIMEHINA,HIBANA - Live2023『Summerlight Seeker』,60362
2024-04-26 21:19,HIMEHINA,Marshall Maximizer - Live2023『Summerlight Seeker』,66555
2024-04-26 21:20,HIMEHINA,QUEEN - Live2023『Summerlight Seeker』,80459
2024-04-26 21:21,HIMEHINA,An Unaware Drunkard - Live2023『Summerlight Seeker』,60278
2024-04-26 21:22,HIMEHINA,I Wonder... - Live2023『Summerlight Seeker』,1220
2024-04-26 21:22,HIMEHINA,Overdose - Live2023『Summerlight Seeker』,72454
2024-04-26 21:23,HIMEHINA,Overdose - Live2023『Summerlight Seeker』,3620
2024-04-26 21:26,HIMEHINA,"Hello, Hologram - Live2023『Summerlight Seeker』",197826
2024-04-26 21:30,HIMEHINA,Grumpy Three Card - Live2023『Summerlight Seeker』,7329
2024-04-26 21:30,HIMEHINA,Adam's Rib - Live2023『Summerlight Seeker』,232433
2024-04-26 21:30,HIMEHINA,Hallelujah - Live2023『Summerlight Seeker』,980
2024-04-26 21:30,HIMEHINA,Our Promise - Live2023『Summerlight Seeker』,520
2024-04-26 21:30,HIMEHINA,Cloudy Kiryca - Encore Live2023『Summerlight Seeker』,550
2024-04-26 21:30,HIMEHINA,Last Star Mine ～First Shot～ - Live2023『Summerlight Seeker』,560
2024-04-26 21:33,HIMEHINA,Kiryca and the Singing Hope - Encore Live2023『Summerlight Seeker』,26149
2024-04-26 21:33,HIMEHINA,3minutes Callgirl - Encore Live2023『Summerlight Seeker』,174020
2024-04-26 21:38,HIMEHINA,Mr.VIRTUALIZER - Live2022『Kiryca and the Singing Hope』,313269
2024-04-26 21:42,HIMEHINA,Love Reflection - Live2022『Kiryca and the Singing Hope』,211170
2024-04-26 21:45,HIMEHINA,Ultra Girl - Live2022『Kiryca and the Singing Hope』,186986
2024-04-26 21:46,HIMEHINA,Int:Escape - Live2022『Kiryca and the Singing Hope』,25303
2024-04-26 21:50,Tsumiki,shampoo (feat. Airi Suzuki),115848
2024-04-26 21:52,HIMEHINA,Outsider - Live2022『Divine Flowers』,61760
2024-04-26 21:54,HIMEHINA,Venom - Live2022『Divine Flowers』,125914
2024-04-26 21:58,HIMEHINA,ROKI - Live2022『Divine Flowers』,230819
2024-04-26 22:01,HIMEHINA,Into The Night - Live2022『Divine Flowers』,1375
2024-04-26 22:16,Kanaria,Yoidoreshirazu,38730
2024-04-26 22:19,DUSTCELL,足りない,181853
2024-04-26 22:22,DUSTCELL,Caffeine,186650
2024-04-26 22:25,DUSTCELL,Void,173586
2024-04-28 02:37,Kanaria,Dec.,132920
2024-04-28 02:39,Kanaria,Dec.,132920
2024-04-28 02:41,Kanaria,Dec.,132920
2024-04-28 02:43,Kanaria,Dec.,132920
2024-04-28 02:45,Kanaria,Dec.,132920
2024-04-28 02:48,Kanaria,Dec.,132920
2024-04-28 02:50,Kanaria,Dec.,132920
2024-04-28 02:52,Kanaria,Dec.,132920
2024-04-28 02:54,Kanaria,Dec.,132920
2024-04-28 02:57,Kanaria,Dec.,132920
2024-04-28 02:58,Kanaria,Dec.,65892
2024-04-28 03:01,DUSTCELL,フラッシュバック,209068
2024-04-28 03:05,DUSTCELL,フラッシュバック,209068
2024-04-28 03:08,DUSTCELL,フラッシュバック,209068
2024-04-28 03:09,DUSTCELL,フラッシュバック,64675
2024-04-28 03:13,25時、ナイトコードで。,君の夜をくれ (feat. 宵崎奏&朝比奈まふゆ&東雲絵名&暁山瑞希&巡音ルカ),15670
2024-04-28 03:13,25時、ナイトコードで。,キティ (feat. 宵崎奏&朝比奈まふゆ&東雲絵名&暁山瑞希&鏡音レン),207700
2024-04-28 04:16,25時、ナイトコードで。,悔やむと書いてミライ (feat. 宵崎奏&朝比奈まふゆ&東雲絵名&暁山瑞希&初音ミク),155990
2024-04-28 22:46,HIMEHINA,Rondo & Naide - Live2022『Kiryca and the Singing Hope』,139850
2024-04-28 22:47,HIMEHINA,Rondo & Naide - Live2022『Kiryca and the Singing Hope』,62970
2024-04-28 22:47,DUSTCELL,フラッシュバック,5010
2024-04-28 22:49,Kanaria,Dec.,132920
2024-04-28 22:51,Kanaria,Dec.,132920
2024-04-28 22:53,Kanaria,Dec.,2560
2024-04-28 22:53,Kanaria,Dec.,118728
2024-04-29 04:33,Kenshi Yonezu,KICK BACK,90040
2024-04-29 04:35,Kanaria,Dec.,132920
2024-04-29 04:37,Kanaria,Dec.,132920
2024-04-29 04:40,Kanaria,Dec.,132920
2024-04-29 04:42,Kanaria,Dec.,132920
2024-04-29 04:44,Kanaria,Dec.,132920
2024-04-29 04:46,Kanaria,Dec.,132920
2024-04-29 14:03,Kanaria,Dec.,128545
2024-04-29 14:04,Kanaria,Dec.,4369
2024-04-29 14:06,Kanaria,Dec.,132920
2024-04-29 14:08,Kanaria,Dec.,131510
2024-04-29 14:11,DUSTCELL,フラッシュバック,183143
2024-04-29 14:15,DUSTCELL,フラッシュバック,209068
2024-04-29 14:18,DUSTCELL,フラッシュバック,209068
2024-04-29 15:16,DUSTCELL,フラッシュバック,209068
2024-04-29 15:19,DUSTCELL,フラッシュバック,4020
2024-04-29 15:19,DUSTCELL,フラッシュバック,204073
2024-04-29 15:22,Kanaria,Dec.,132920
2024-04-29 15:24,Kanaria,Dec.,132920
2024-04-29 15:26,Kanaria,Dec.,132920
2024-04-29 15:28,Kanaria,Dec.,110187
2024-04-29 15:30,Kanaria,QUEEN,141882
2024-04-29 22:04,Kanaria,Yoidoreshirazu,2170
2024-04-29 22:04,Kanaria,Yoidoreshirazu,830
2024-04-29 22:04,jon-YAKITORY,Muchinnchi,800
2024-04-29 22:04,Yupsilon,Forgery,3830
2024-04-29 22:04,Yupsilon,Forgery,870
2024-04-29 22:04,Kanaria,QUEEN,96467
2024-04-29 22:07,Kanaria,Rendezvous,132295
2024-04-29 22:08,Kanaria,KING,88134
2024-04-29 22:11,Kanaria,百鬼祭,10427
2024-04-29 22:11,Kanaria,アイデンティティ,155692
2024-04-29 22:13,Kanaria,エンヴィーベイビー x KING,135438
2024-04-29 22:15,Kanaria,Dec.,132920
2024-04-29 22:17,Kanaria,不幸せ,112710
2024-04-29 22:20,Kanaria,Requiem (feat. HATSUNE MIKU),151210
2024-04-29 22:20,Kanaria,MIRA,990
2024-04-29 22:20,Kanaria,QUEEN,810
2024-04-29 22:22,Kanaria,Demon Lord,158720
2024-04-29 22:23,Kanaria,NaNaNa,10659
2024-04-29 22:23,Kanaria,EYE,2070
2024-04-29 22:25,Kanaria,ヒトリユラリ,5878
2024-04-29 22:25,Kanaria,百鬼祭,660
2024-04-29 22:25,Kanaria,KING,990
2024-04-29 22:25,Kanaria,ダークハッピー,640
2024-04-29 22:25,Kanaria,エッサホイサ,720
2024-04-29 22:25,Kanaria,Requiem (feat. Hoshimachi Suisei),157161
2024-04-29 22:26,Kanaria,ENVY BABY,63630
2024-04-29 22:28,Kanaria,Dec.,82050
2024-04-29 22:30,DUSTCELL,可笑しな生き物,730
2024-04-29 22:30,DUSTCELL,TULPA,810
2024-04-29 22:30,DUSTCELL,足りない,510
2024-04-29 22:30,DUSTCELL,CULT,770
2024-04-29 22:30,DUSTCELL,ONE,580
2024-04-29 22:30,DUSTCELL,PAIN,540
2024-04-29 22:30,DUSTCELL,STIGMA,730
2024-04-29 22:30,DUSTCELL,透明度,1000
2024-04-29 22:30,DUSTCELL,ID,1400
2024-04-29 22:30,DUSTCELL,SOPPY,690
2024-04-29 22:30,DUSTCELL,Caffeine,790
2024-04-29 22:30,DUSTCELL,Mad Hatter,1820
2024-04-29 22:30,DUSTCELL,蜜蜂,970
2024-04-29 22:30,DUSTCELL,ANTIHERO,1490
2024-04-29 22:30,DUSTCELL,過去の蜃気楼,840
2024-04-29 22:30,DUSTCELL,DERO,660
2024-04-29 22:30,DUSTCELL,堕落生活,410
2024-04-29 22:30,DUSTCELL,漂泊者,1560
2024-04-29 22:30,DUSTCELL,どした？,780
2024-04-29 22:30,DUSTCELL,独白 - カンザキイオリ Remix,620
2024-04-29 22:30,DUSTCELL,命の行方,590
2024-04-29 22:30,DUSTCELL,火焔,129490
2024-04-29 22:30,DUSTCELL,Void,630
2024-04-29 22:34,DUSTCELL,フラッシュバック,209068
2024-04-29 22:37,DUSTCELL,アネモネ,191933
2024-04-30 00:33,DUSTCELL,オルターエゴ,134128
2024-04-30 00:33,DUSTCELL,Kick It Down,1820
2024-04-30 00:33,DUSTCELL,不成者,1070
2024-04-30 00:33,DUSTCELL,albino,2350
2024-04-30 00:33,DUSTCELL,Heaven and Hell,970
2024-04-30 00:36,DUSTCELL,足りない,1180
2024-04-30 00:36,niKu,Lights,2190
2024-04-30 00:36,DUSTCELL,Caffeine,186650
2024-04-30 00:36,DUSTCELL,アネモネ,4280
2024-04-30 00:36,DUSTCELL,albino,950
2024-04-30 00:36,sekai,Baba Yaga - ver.sekai,3209
2024-04-30 00:38,DUSTCELL,Mad Hatter,1490
2024-04-30 00:38,DUSTCELL,Kick It Down,80320
2024-04-30 00:39,DUSTCELL,過去の蜃気楼,73270
2024-04-30 00:42,DUSTCELL,フラッシュバック,209068
2024-04-30 00:43,konoco,Bullets,6591
2024-04-30 00:45,Kanaria,Dec.,125920
2024-04-30 00:46,Creepy Nuts,犬も食わない,76750
2024-04-30 00:48,Travis Scott,HIGHEST IN THE ROOM,147960
2024-04-30 00:50,SugLawd Familiar,LONGINESS REMIX,67719
2024-04-30 00:50,Creepy Nuts,Joendanyusho,3350
2024-04-30 00:53,Gorilla Attack,ゴリラ・バカンス,3960
2024-04-30 00:53,SKY-HI,何様 - feat. たなか - From THE FIRST TAKE,175000
2024-04-30 00:56,Nissy,Stormy,24020
2024-04-30 00:56,SKY-HI,何様,174280
2024-04-30 00:56,SKY-HI,何様,21410
2024-04-30 21:10,DUSTCELL,フラッシュバック,209068
2024-04-30 21:11,DUSTCELL,フラッシュバック,52092
2024-05-01 11:25,SKY-HI,JUST BREATHE - feat. 3RACHA of Stray Kids,183130
2024-05-01 11:28,DUSTCELL,フラッシュバック,209068
2024-05-01 11:29,DUSTCELL,フラッシュバック,6861
2024-05-01 11:31,Kanaria,Dec.,132920
2024-05-01 11:33,Kanaria,Dec.,132920
2024-05-01 11:35,Kanaria,Dec.,132920
2024-05-01 11:38,Kanaria,Dec.,132920
2024-05-01 11:40,Kanaria,Dec.,132920
2024-05-01 11:42,Kanaria,Dec.,132920
2024-05-01 11:44,Kanaria,Dec.,132920
2024-05-01 13:58,Kanaria,Dec.,47934
2024-05-01 14:00,Kanaria,Dec.,132920
2024-05-02 03:23,DUSTCELL,フラッシュバック,41450
2024-05-02 03:30,DUSTCELL,Void,171024
2024-05-02 03:33,DUSTCELL,命の行方,200400
2024-05-02 03:37,DUSTCELL,オルターエゴ,222954
2024-05-02 03:40,DUSTCELL,LILAC,196960
2024-05-02 03:44,DUSTCELL,オルターエゴ,222866
2024-05-02 03:47,DUSTCELL,bibouroku,171520
2024-05-02 03:50,DUSTCELL,Void,173586
2024-05-02 04:18,Nami Tamaki,Believe - From THE FIRST TAKE,2780
2024-05-02 04:18,Nami Tamaki,Believe - From THE FIRST TAKE,980
2024-05-02 04:18,DUSTCELL,PAIN,16517
2024-05-02 04:18,CHEMISTRY,Wings of Words,1210
2024-05-02 04:18,A-Lin,有一種悲傷 - From THE FIRST TAKE,930
2024-05-02 04:18,鈴木愛理,恋におちたら - From THE FIRST TAKE,1960
2024-05-02 04:18,鈴木愛理,恋におちたら - From THE FIRST TAKE,2010
2024-05-02 04:18,ano,ちゅ、多様性。- From THE FIRST TAKE,2070
2024-05-02 04:27,Kanaria,ヒトリユラリ,900
2024-05-02 04:27,Kanaria,ENVY BABY,670
2024-05-02 04:27,Kanaria,Yoidoreshirazu,2780
2024-05-02 04:27,Kanaria,Yoidoreshirazu,750
2024-05-02 04:27,Boku no Lyric no Boyomi,人間辞職,11280
2024-05-02 04:27,Kanaria,Demon Lord,1340
2024-05-02 04:27,Kanaria,Rendezvous,1430
2024-05-02 04:27,Kanaria,QUEEN,930
2024-05-02 04:27,Kanaria,アイデンティティ,660
2024-05-02 04:27,Kanaria,ダークハッピー,680
2024-05-02 04:27,Kanaria,KING,680
2024-05-02 04:27,Kanaria,KING,1130
2024-05-02 04:27,Kanaria,エンヴィーベイビー x KING,1160
2024-05-02 04:27,Kanaria,Requiem (feat. Hoshimachi Suisei),2380
2024-05-02 04:29,Kanaria,Dec.,132920
2024-05-02 18:58,Kanaria,Dec.,66499
2024-05-02 18:58,Kanaria,Requiem (feat. Hoshimachi Suisei),2939
2024-05-02 19:00,Kanaria,Dec.,129320
2024-05-02 19:04,DUSTCELL,フラッシュバック,209068
2024-05-02 19:07,DUSTCELL,フラッシュバック,209068
2024-05-02 19:07,DUSTCELL,フラッシュバック,243
2024-05-02 19:10,DUSTCELL,PAIN,189818
2024-05-02 19:13,DUSTCELL,過去の蜃気楼,150201
2024-05-02 19:15,DUSTCELL,不成者,110480
2024-05-02 21:34,DUSTCELL,足りない,80800
2024-05-02 21:35,DUSTCELL,足りない,99490
2024-05-02 21:39,DUSTCELL,SOPPY,200360
2024-05-02 21:39,DUSTCELL,独白 - カンザキイオリ Remix,14380
2024-05-02 21:40,DUSTCELL,可笑しな生き物,6040
2024-05-02 21:40,DUSTCELL,可笑しな生き物,1680
2024-05-02 21:40,DUSTCELL,TULPA,1580
2024-05-02 21:40,DUSTCELL,STIGMA,1460
2024-05-02 21:40,DUSTCELL,透明度,1910
2024-05-02 21:40,DUSTCELL,透明度,1090
2024-05-02 21:40,DUSTCELL,ID,1270
2024-05-02 21:40,DUSTCELL,アネモネ,1700
2024-05-02 21:40,DUSTCELL,Kick It Down,1630
2024-05-02 21:40,DUSTCELL,蜜蜂,57850
2024-05-02 21:40,DUSTCELL,ANTIHERO,0
2024-05-02 21:40,DUSTCELL,漂泊者,2920
2024-05-02 21:40,DUSTCELL,命の行方,3180
2024-05-02 21:41,DUSTCELL,オルターエゴ,1240
2024-05-02 21:41,DUSTCELL,Mad Hatter,810
2024-05-02 21:41,DUSTCELL,堕落生活,1180
2024-05-02 21:43,DUSTCELL,火焔,178106
2024-05-02 21:47,DUSTCELL,Caffeine,186650
2024-05-03 02:46,DUSTCELL,どした？,3160
2024-05-03 02:47,DUSTCELL,ONE,12800
2024-05-03 03:01,DUSTCELL,Heaven and Hell,241120
2024-05-03 03:03,DUSTCELL,Void,173586
2024-05-03 03:13,DUSTCELL,DERO,192693
2024-05-03 03:16,DUSTCELL,フラッシュバック,209068
2024-05-03 03:20,DUSTCELL,albino,199840
2024-05-03 03:23,DUSTCELL,CULT,201266
2024-05-03 03:26,DUSTCELL,足りない,181853
2024-05-03 03:28,niKu,Lights,93515
2024-05-03 03:30,sekai,sensei no koto suki ni nacchau - ver.sekai,159262
2024-05-03 03:33,konoco,uranosoko,154080
2024-05-03 03:36,MOTTO MUSIC,Black Dilemma,186975
2024-05-03 03:39,DUSTCELL,アネモネ,191933
2024-05-03 03:42,DAZBEE,オセロ,165773
2024-05-03 03:45,水槽,SWITCH,170977
2024-05-03 03:48,sekai,Baba Yaga - ver.sekai,164651
2024-05-03 03:50,いゔどっと,嘘と傷跡,149200
2024-05-03 03:54,DUSTCELL,オルターエゴ,222866
2024-05-03 03:57,niKu,Melts in the cherry blossoms (feat. sanari),207761
2024-05-03 04:00,DAZBEE,Angel’s Fake,167400
2024-05-03 04:04,konoco,Android,226333
2024-05-03 04:07,HACHI,Deep Sleep Sheep,218333
2024-05-03 04:11,DUSTCELL,STIGMA,204440
2024-05-03 04:13,natsumi,送り狼,153400
2024-05-03 04:16,ayaho,アミ,169085
2024-05-03 04:20,SWALLOW,TOKIWA,212840
2024-05-03 04:22,DAZBEE,イビツナコトバ,109551
2024-05-03 23:04,DUSTCELL,ONE,4160
2024-05-03 23:04,DUSTCELL,Heaven and Hell,1110
2024-05-03 23:04,DUSTCELL,DERO,1220
2024-05-03 23:04,DUSTCELL,どした？,66652
2024-05-03 23:04,DUSTCELL,Void,3960
2024-05-03 23:07,DUSTCELL,フラッシュバック,164630
2024-05-03 23:08,DUSTCELL,CULT,2190
2024-05-03 23:08,DUSTCELL,足りない,8570
2024-05-03 23:08,DUSTCELL,albino,14110
2024-05-03 23:10,Kanaria,Dec.,132920
2024-05-03 23:13,DUSTCELL,足りない,6740
2024-05-03 23:13,DUSTCELL,ONE,3610
2024-05-03 23:13,DUSTCELL,PAIN,3870
2024-05-03 23:13,DUSTCELL,STIGMA,1070
2024-05-03 23:13,picco,Batankyu! - SEE ver.,8927
2024-05-03 23:13,DUSTCELL,Mad Hatter,2030
2024-05-03 23:13,DUSTCELL,ANTIHERO,3230
2024-05-03 23:13,DUSTCELL,Heaven and Hell,2590
2024-05-03 23:13,DUSTCELL,DERO,1400
2024-05-03 23:13,DUSTCELL,漂泊者,1240
2024-05-03 23:13,DUSTCELL,独白 - カンザキイオリ Remix,3580
2024-05-03 23:13,DUSTCELL,命の行方,1060
2024-05-03 23:13,DUSTCELL,火焔,1340
2024-05-03 23:13,Kanaria,Requiem (feat. Hoshimachi Suisei),157161
2024-05-03 23:14,DUSTCELL,可笑しな生き物,1420
2024-05-03 23:14,DUSTCELL,TULPA,1660
2024-05-03 23:14,DUSTCELL,CULT,1600
2024-05-03 23:14,DUSTCELL,オルターエゴ,1220
2024-05-03 23:14,DUSTCELL,足りない,1440
2024-05-03 23:14,DUSTCELL,透明度,2220
2024-05-03 23:14,DUSTCELL,ID,1650
2024-05-03 23:14,DUSTCELL,SOPPY,1060
2024-05-03 23:14,DUSTCELL,Caffeine,3550
2024-05-03 23:14,DUSTCELL,アネモネ,2300
2024-05-03 23:14,DUSTCELL,Kick It Down,1380
2024-05-03 23:14,DUSTCELL,蜜蜂,10850
2024-05-03 23:14,DUSTCELL,不成者,3270
2024-05-03 23:14,DUSTCELL,albino,1160
2024-05-03 23:14,DUSTCELL,過去の蜃気楼,2090
2024-05-03 23:14,DUSTCELL,堕落生活,1480
2024-05-03 23:14,DUSTCELL,どした？,2000
2024-05-03 23:14,DUSTCELL,フラッシュバック,1010
2024-05-03 23:14,sekai,sensei no koto suki ni nacchau - ver.sekai,1290
2024-05-03 23:14,DUSTCELL,Void,2510
2024-05-03 23:15,DUSTCELL,可笑しな生き物,1390
2024-05-03 23:15,DUSTCELL,TULPA,1120
2024-05-03 23:15,DUSTCELL,透明度,3840
2024-05-03 23:15,DUSTCELL,Mad Hatter,670
2024-05-03 23:15,DUSTCELL,蜜蜂,8690
2024-05-03 23:15,DAZBEE,アディオス,320
2024-05-03 23:15,DUSTCELL,Heaven and Hell,2900
2024-05-03 23:15,DUSTCELL,過去の蜃気楼,2110
2024-05-03 23:15,DUSTCELL,DERO,690
2024-05-03 23:15,DUSTCELL,漂泊者,910
2024-05-03 23:16,DUSTCELL,CULT,1160
2024-05-03 23:18,DUSTCELL,蜜蜂,15780
2024-05-03 23:18,Kanaria,Dec.,70230
2024-05-03 23:20,DUSTCELL,可笑しな生き物,13960
2024-05-03 23:20,DUSTCELL,CULT,5380
2024-05-03 23:20,DUSTCELL,ONE,71010
2024-05-03 23:20,DUSTCELL,SOPPY,840
2024-05-03 23:20,DUSTCELL,Heaven and Hell,6980
2024-05-03 23:22,DUSTCELL,足りない,92220
2024-05-03 23:22,DUSTCELL,どした？,17270
2024-05-03 23:23,DUSTCELL,TULPA,1460
2024-05-03 23:23,DUSTCELL,PAIN,63970
2024-05-03 23:23,DUSTCELL,オルターエゴ,6500
2024-05-03 23:23,DUSTCELL,STIGMA,1540
2024-05-03 23:23,DUSTCELL,アネモネ,8940
2024-05-03 23:23,DUSTCELL,Kick It Down,2080
2024-05-03 23:23,DUSTCELL,漂泊者,6310
2024-05-03 23:23,DUSTCELL,フラッシュバック,970
2024-05-03 23:26,DUSTCELL,TULPA,3540
2024-05-03 23:26,DUSTCELL,オルターエゴ,164440
2024-05-03 23:26,DUSTCELL,Mad Hatter,970
2024-05-03 23:26,DUSTCELL,DERO,830
2024-05-03 23:26,DUSTCELL,独白 - カンザキイオリ Remix,7360
2024-05-03 23:26,DUSTCELL,火焔,870
2024-05-03 23:27,DUSTCELL,透明度,5450
2024-05-03 23:27,DUSTCELL,ANTIHERO,6720
2024-05-03 23:27,DUSTCELL,albino,2780
2024-05-03 23:27,DUSTCELL,Void,22270
2024-05-03 23:28,DUSTCELL,ID,4390
2024-05-03 23:28,niKu,Lights,610
2024-05-03 23:28,DUSTCELL,Caffeine,11870
2024-05-03 23:28,konoco,LUNDI,450
2024-05-03 23:28,DAZBEE,アディオス,620
2024-05-03 23:28,DUSTCELL,不成者,11380
2024-05-03 23:28,DUSTCELL,過去の蜃気楼,41960
2024-05-03 23:28,DUSTCELL,堕落生活,6650
2024-05-03 23:28,DUSTCELL,命の行方,970
2024-05-03 23:28,DUSTCELL,フラッシュバック,1480
2024-05-03 23:28,sekai,sensei no koto suki ni nacchau - ver.sekai,820
2024-05-03 23:29,Kenshi Yonezu,サンタマリア,560
2024-05-03 23:29,Kenshi Yonezu,Pale Blue,660
2024-05-03 23:29,FantasticYouth,真刀勝負,540
2024-05-03 23:29,DUSTCELL,オルターエゴ,18040
2024-05-03 23:29,DUSTCELL,足りない,5350
2024-05-03 23:29,Kenshi Yonezu,ゆめうつつ - Daydream,640
2024-05-03 23:29,niKu,Melts in the cherry blossoms (feat. sanari),600
2024-05-03 23:29,Kenshi Yonezu,海の幽霊,580
2024-05-03 23:29,いゔどっと,嘘と傷跡,1350
2024-05-03 23:29,DUSTCELL,アネモネ,880
2024-05-03 23:29,Kenshi Yonezu,PLACEBO ＋ 野田洋次郎,1210
2024-05-03 23:29,Dua Lipa,Levitating,11380
2024-05-03 23:29,Kenshi Yonezu,ナンバーナイン,1240
2024-05-03 23:29,Kenshi Yonezu,orion,510
2024-05-03 23:29,Kenshi Yonezu,MAD HEAD LOVE,1260
2024-05-03 23:29,BTS,Dynamite,1800
2024-05-03 23:29,MOTTO MUSIC,Black Dilemma,560
2024-05-03 23:29,Kenshi Yonezu,Décolleté,720
2024-05-03 23:29,DAZBEE,オセロ,510
2024-05-03 23:29,konoco,Nariyamanai,760
2024-05-03 23:29,sekai,Baba Yaga - ver.sekai,670
2024-05-03 23:29,Kenshi Yonezu,死神,750
2024-05-03 23:29,梓川,今さらサレンダー,840
2024-05-04 01:48,Kenshi Yonezu,春雷,138400
2024-05-04 01:52,Kenshi Yonezu,ピースサイン - Peace Sign,238533
2024-05-04 01:52,Kenshi Yonezu,月を見ていた - Moongazing,6856
2024-05-04 01:52,Kenshi Yonezu,クランベリーとパンケーキ,3260
2024-05-04 01:54,Kenshi Yonezu,KICK BACK,103360
2024-05-04 01:56,Kanaria,Dec.,132920
2024-05-04 01:57,picco,Batankyu! - SEE ver.,1160
2024-05-04 01:57,浮足立,光あれ,8020
2024-05-04 01:57,DUSTCELL,不成者,2350
2024-05-04 01:57,Limonène,A Little Happiness - yuigot Remix,1230
2024-05-04 01:57,Kanaria,Requiem (feat. Hoshimachi Suisei),37529
2024-05-04 01:58,DUSTCELL,TULPA,1270
2024-05-04 01:58,DUSTCELL,ONE,1660
2024-05-04 01:58,DUSTCELL,ID,1830
2024-05-04 01:58,DUSTCELL,Kick It Down,37570
2024-05-04 01:58,DUSTCELL,堕落生活,1920
2024-05-04 01:58,DUSTCELL,命の行方,1220
2024-05-04 01:59,DUSTCELL,足りない,2250
2024-05-04 01:59,DUSTCELL,SOPPY,1010
2024-05-04 01:59,DUSTCELL,Caffeine,2920
2024-05-04 01:59,DUSTCELL,過去の蜃気楼,85060
2024-05-04 02:00,DUSTCELL,PAIN,2710
2024-05-04 02:00,DUSTCELL,蜜蜂,23260
2024-05-04 02:00,DUSTCELL,DERO,1590
2024-05-04 02:00,DUSTCELL,独白 - カンザキイオリ Remix,27240
2024-05-04 02:01,DUSTCELL,可笑しな生き物,1480
2024-05-04 02:01,DUSTCELL,CULT,3350
2024-05-04 02:01,DUSTCELL,オルターエゴ,2360
2024-05-04 02:01,DUSTCELL,STIGMA,1240
2024-05-04 02:01,DUSTCELL,透明度,4250
2024-05-04 02:01,DUSTCELL,Caffeine,1130
2024-05-04 02:01,DUSTCELL,アネモネ,2190
2024-05-04 02:01,DUSTCELL,Mad Hatter,900
2024-05-04 02:01,konoco,LUNDI,860
2024-05-04 02:01,DUSTCELL,ANTIHERO,1470
2024-05-04 02:01,DAZBEE,アディオス,600
2024-05-04 02:01,DAZBEE,アディオス,2820
2024-05-04 02:01,DUSTCELL,albino,1100
2024-05-04 02:01,DUSTCELL,Heaven and Hell,1100
2024-05-04 02:01,DUSTCELL,漂泊者,2040
2024-05-04 02:01,DUSTCELL,どした？,2930
2024-05-04 02:01,DUSTCELL,フラッシュバック,90
2024-05-04 02:01,DUSTCELL,火焔,1210
2024-05-04 02:01,sekai,sensei no koto suki ni nacchau - ver.sekai,1240
2024-05-04 02:01,DUSTCELL,Void,1380
2024-05-04 02:03,Nissy,Stormy,1400
2024-05-04 02:03,SKY-HI,JUST BREATHE - feat. 3RACHA of Stray Kids,2350
2024-05-04 02:03,Kanaria,Dec.,72040
2024-05-04 02:03,Kanaria,Requiem (feat. Hoshimachi Suisei),4840
2024-05-04 02:04,SKY-HI,SUPER IDOL,59590
2024-05-04 02:05,SKY-HI,Sarracenia,50530
2024-05-04 05:04,DUSTCELL,オルターエゴ,222866
2024-05-04 05:07,DUSTCELL,SAVEPOINT,182000
2024-05-04 05:10,DUSTCELL,Kick It Down,175280
2024-05-04 05:13,DUSTCELL,bibouroku,171520
2024-05-04 05:16,DUSTCELL,SOPPY,200360
2024-05-04 05:21,DUSTCELL,終点,298226
2024-05-04 05:24,DUSTCELL,Caffeine,186650
2024-05-04 05:27,DUSTCELL,TOUBOU,156426
2024-05-04 10:19,DUSTCELL,可笑しな生き物,202779
2024-05-05 02:10,Kanaria,Dec.,132920
2024-05-05 02:36,Will Stetson,Black Rover,7330
2024-05-05 02:36,Kanaria,Requiem (feat. Hoshimachi Suisei),41839
2024-05-06 07:20,Will Stetson,Aishite Aishite Aishite,1540
2024-05-06 07:20,Will Stetson,Harumachi Clover,9680
2024-05-06 07:20,Will Stetson,Writing on the Wall,2650
2024-05-06 07:20,Will Stetson,Girl A,1120
2024-05-06 07:20,Will Stetson,Black Catcher,1730
2024-05-06 07:23,Will Stetson,KICK BACK,193529
2024-05-08 01:52,DUSTCELL,SOPPY,2000
2024-05-08 01:52,DUSTCELL,不成者,1970
2024-05-08 01:52,Will Stetson,Bling-Bang-Bang-Born,6160
2024-05-08 01:52,DUSTCELL,izqnqi,1820
2024-05-08 01:55,DUSTCELL,足りない,180285
2024-05-08 01:58,DUSTCELL,DERO,199058
2024-05-08 02:02,DUSTCELL,フラッシュバック,209068
2024-05-08 02:05,DUSTCELL,命の行方,200400
2024-05-08 02:08,DUSTCELL,albino,199840
2024-05-08 02:11,DUSTCELL,火焔,178106
2024-05-08 02:15,DUSTCELL,過去の蜃気楼,233920
2024-05-08 02:19,DUSTCELL,漂泊者,222293
2024-05-08 02:22,DUSTCELL,ORIGINAL,172226
2024-05-08 02:27,DUSTCELL,終点,298226
2024-05-08 02:30,DUSTCELL,足りない,181853
2024-05-08 02:33,DUSTCELL,ANTIHERO,164378
2024-05-08 02:36,DUSTCELL,独白,196680
2024-05-08 02:39,DUSTCELL,LILAC,196960
2024-05-08 02:42,DUSTCELL,Mad Hatter,159000
2024-05-08 02:45,DUSTCELL,Caffeine,186650
2024-05-08 02:49,DUSTCELL,ONE,221413
2024-05-08 02:52,DUSTCELL,オルターエゴ,222866
2024-05-08 02:56,DUSTCELL,Caffeine,186650
2024-05-08 02:58,DUSTCELL,Void,173586
2024-05-08 03:01,DUSTCELL,ID,141466
2024-05-08 03:04,DUSTCELL,蜜蜂,194520
2024-05-08 03:08,DUSTCELL,狂う獣,228960
2024-05-08 03:11,DUSTCELL,蜜蜂,194520
2024-05-08 03:14,DUSTCELL,Mad Hatter,160666
2024-05-08 03:15,DUSTCELL,どした？,90960
2024-05-08 03:19,DUSTCELL,命の行方,204560
2024-05-08 03:22,DUSTCELL,アネモネ,191933
2024-05-08 03:26,DUSTCELL,LAZY,222013
2024-05-08 03:28,DUSTCELL,SOIREE,142520
2024-05-08 03:32,DUSTCELL,オルターエゴ,222866
2024-05-08 03:35,DUSTCELL,火焔,178106
2024-05-08 03:38,DUSTCELL,独白,195428
2024-05-08 03:41,DUSTCELL,独白 - カンザキイオリ Remix,189026
2024-05-08 03:44,DUSTCELL,SAVEPOINT,182000
2024-05-08 03:47,DUSTCELL,足りない,181853
2024-05-08 03:51,DUSTCELL,DERO,197186
2024-05-08 03:54,DUSTCELL,CULT,201266
2024-05-08 03:57,DUSTCELL,PAIN,189818
2024-05-08 04:00,DUSTCELL,INSIDE,176466
2024-05-08 04:04,DUSTCELL,可笑しな生き物,214800
2024-05-08 04:04,DUSTCELL,DOMINATION,3620
2024-05-08 04:04,DUSTCELL,TULPA,6773
2024-05-08 04:04,DUSTCELL,TOUBOU,2940
2024-05-08 04:04,DUSTCELL,白雨,5180
2024-05-08 04:04,DUSTCELL,透明度,1440
2024-05-08 04:04,DUSTCELL,bibouroku,1440
2024-05-08 04:04,DUSTCELL,Kick It Down,4470
2024-05-08 04:04,DUSTCELL,Kick It Down,2010
2024-05-08 04:04,DUSTCELL,TOUBOU,1670
2024-05-08 04:04,DUSTCELL,堕落生活,4430
2024-05-08 04:04,DUSTCELL,堕落生活,2140
2024-05-08 04:04,DUSTCELL,Void,2710
2024-05-08 04:04,DUSTCELL,SANDBAG,2820
2024-05-08 04:04,DUSTCELL,perfectionist,4190
2024-05-08 04:05,DUSTCELL,可笑しな生き物,830
2024-05-08 04:05,DUSTCELL,ANTIHERO,1460
2024-05-08 04:05,DUSTCELL,Heaven and Hell,2200
2024-05-08 04:05,DUSTCELL,DERO,1500
2024-05-08 04:05,DUSTCELL,命の行方,1920
2024-05-08 07:55,DUSTCELL,STIGMA,1400
2024-05-10 08:17,DUSTCELL,izqnqi,196920
2024-05-10 08:20,DUSTCELL,Void,173586
2024-05-10 08:23,DUSTCELL,DERO,197186
2024-05-10 08:27,DUSTCELL,可笑しな生き物,214800
2024-05-10 08:30,DUSTCELL,透明度,175266
2024-05-10 08:33,DUSTCELL,CULT,201266
2024-05-10 08:36,DUSTCELL,火焔,178106
2024-05-10 09:12,DUSTCELL,不成者,110480
2024-05-10 09:15,DUSTCELL,SOIREE,142520
2024-05-10 09:18,DUSTCELL,SAVEPOINT,182000
2024-05-10 09:21,DUSTCELL,足りない,180285
2024-05-10 09:24,DUSTCELL,独白 - カンザキイオリ Remix,189026
2024-05-10 09:27,DUSTCELL,TOUBOU,156426
2024-05-10 09:29,DUSTCELL,TOUBOU,157000
2024-05-10 15:47,DUSTCELL,SOPPY,61158
2024-05-10 15:51,DUSTCELL,フラッシュバック,209068
2024-05-10 15:53,sekai,Baba Yaga - ver.sekai,164651
2024-05-10 15:54,Will Stetson,Koala - Self Cover,1250
2024-05-10 15:54,MOTTO MUSIC,Black Dilemma,21110
2024-05-10 15:54,DUSTCELL,火焔,7110
2024-05-10 15:57,Will Stetson,KICK BACK - Acoustic Version,181610
2024-05-10 15:57,Will Stetson,It's Beginning to Look a Lot Like Christmas,1750
2024-05-10 15:57,Will Stetson,Idol,750
2024-05-10 15:57,Will Stetson,phony,1060
2024-05-10 16:02,Will Stetson,Idol,84940
2024-05-10 16:04,Will Stetson,phony,83720
2024-05-11 18:10,Will Stetson,phony,2060
2024-05-12 11:24,DUSTCELL,Void,143570
2024-05-12 11:27,DUSTCELL,オルターエゴ,222866
2024-05-12 11:31,DUSTCELL,STIGMA,204440
2024-05-12 11:34,DUSTCELL,ONE,221413
2024-05-12 11:37,DUSTCELL,INSIDE,176466
2024-05-12 11:40,DUSTCELL,ANTIHERO,167426
2024-05-12 11:43,DUSTCELL,透明度,175266
2024-05-12 11:46,DUSTCELL,Kick It Down,175280
2024-05-12 11:50,DUSTCELL,オルターエゴ,222866
2024-05-12 11:53,DUSTCELL,SAVEPOINT,182000
2024-05-12 14:51,DUSTCELL,過去の蜃気楼,78833
2024-05-12 14:54,DUSTCELL,ANTIHERO,167426
2024-05-12 14:57,DUSTCELL,透明度,175266
2024-05-12 15:00,DUSTCELL,Kick It Down,175280
2024-05-12 15:04,DUSTCELL,オルターエゴ,222866
2024-05-12 15:07,DUSTCELL,SAVEPOINT,182000
2024-05-12 15:11,DUSTCELL,過去の蜃気楼,233920
2024-05-12 15:14,DUSTCELL,オルターエゴ,222954
2024-05-12 15:17,DUSTCELL,ANTIHERO,164378
2024-05-12 15:20,DUSTCELL,蜜蜂,194520
2024-05-12 19:13,DUSTCELL,不成者,28956
2024-05-12 19:16,TWICE,ONE SPARK,183559
2024-05-12 22:55,TWICE,MORE & MORE - Japanese ver.,131180
2024-05-14 00:59,DUSTCELL,足りない,6860
2024-05-14 00:59,TWICE,MORE & MORE - Japanese ver.,4790
2024-05-14 01:02,TWICE,ONE SPARK,183559
2024-05-14 01:16,TWICE,Just be yourself,33670
2024-05-14 01:19,DUSTCELL,足りない,181853
2024-05-14 01:22,DUSTCELL,Caffeine,186650
2024-05-14 01:25,DUSTCELL,Void,173586
2024-05-14 01:29,DUSTCELL,命の行方,204560
2024-05-14 01:32,DUSTCELL,可笑しな生き物,214800
2024-05-14 01:35,DUSTCELL,アネモネ,191933
2024-05-14 01:39,DUSTCELL,オルターエゴ,222866
2024-05-14 01:39,DUSTCELL,蜜蜂,2629
2024-05-14 01:39,DUSTCELL,火焔,15570
2024-05-14 01:42,DUSTCELL,ANTIHERO,167426
2024-05-14 01:45,DUSTCELL,透明度,175266
2024-05-14 01:48,DUSTCELL,Kick It Down,175280
2024-05-14 01:52,DUSTCELL,オルターエゴ,222866
2024-05-14 01:55,DUSTCELL,SAVEPOINT,182000
2024-05-14 01:59,DUSTCELL,過去の蜃気楼,233920
2024-05-14 02:02,DUSTCELL,オルターエゴ,222954
2024-05-14 02:05,DUSTCELL,ANTIHERO,164378
2024-05-14 02:08,DUSTCELL,蜜蜂,194520
2024-05-14 02:10,DUSTCELL,不成者,110480
2024-05-14 02:13,DUSTCELL,足りない,181853
2024-05-14 02:15,DUSTCELL,ID,7983
2024-05-14 02:15,DUSTCELL,どした？,90960
2024-05-14 02:18,DUSTCELL,ANTIHERO,167426
2024-05-14 02:21,DUSTCELL,透明度,175266
2024-05-14 02:24,DUSTCELL,Kick It Down,175280
2024-05-14 02:27,DUSTCELL,オルターエゴ,222866
2024-05-14 02:30,DUSTCELL,SAVEPOINT,182000
2024-05-14 02:34,DUSTCELL,過去の蜃気楼,233920
2024-05-14 02:38,DUSTCELL,オルターエゴ,222954
2024-05-14 02:41,DUSTCELL,ANTIHERO,164378
2024-05-14 02:44,DUSTCELL,蜜蜂,194520
2024-05-14 02:46,DUSTCELL,不成者,110480
2024-05-14 02:49,DUSTCELL,足りない,181853
2024-05-14 02:50,DUSTCELL,どした？,90960
2024-05-14 02:53,DUSTCELL,ID,141466
2024-05-14 02:55,DUSTCELL,SANDBAG,130720
2024-05-14 02:58,DUSTCELL,Void,173586
2024-05-14 03:01,DUSTCELL,漂泊者,222293
2024-05-14 03:04,DUSTCELL,Void,171024
2024-05-14 03:07,DUSTCELL,足りない,180285
2024-05-14 03:11,DUSTCELL,独白 - カンザキイオリ Remix,189026
2024-05-14 03:14,DUSTCELL,DERO,197186
2024-05-14 03:17,DUSTCELL,火焔,178106
2024-05-14 03:20,DUSTCELL,izqnqi,196920
2024-05-14 03:23,DUSTCELL,Mad Hatter,160666
2024-05-14 03:26,DUSTCELL,堕落生活,172026
2024-05-14 03:29,DUSTCELL,INSIDE,176466
2024-05-14 03:31,DUSTCELL,perfectionist,159373
2024-05-14 03:34,DUSTCELL,TOUBOU,156426
2024-05-14 03:35,DUSTCELL,白雨,66333
2024-05-14 03:38,DUSTCELL,albino,199840
2024-05-14 03:41,DUSTCELL,bibouroku,171520
2024-05-14 03:44,DUSTCELL,ORIGINAL,172226
2024-05-14 03:47,DUSTCELL,命の行方,204560
2024-05-14 03:51,DUSTCELL,独白,196680
2024-05-14 03:53,DUSTCELL,TOUBOU,157000
2024-05-14 03:57,DUSTCELL,独白,195428
2024-05-14 04:00,DUSTCELL,命の行方,200400
2024-05-14 04:03,DUSTCELL,Mad Hatter,159000
2024-05-14 04:04,DUSTCELL,PAIN,94467
2024-05-17 01:46,hachi,マトリョシカ - ORIGINAL,20530
2024-05-17 01:49,DUSTCELL,ANTIHERO,167426
2024-05-17 01:50,DUSTCELL,オルターエゴ,86523
2024-05-17 21:09,TWICE,ONE SPARK,4640
2024-05-17 21:09,SKY-HI,ヒッピー,2050
2024-05-17 21:12,TWICE,ONE SPARK,178928
2024-05-22 01:04,TWICE,ONE SPARK,400
2024-05-22 01:06,TWICE,ONE SPARK,121630
2024-05-22 01:09,One Direction,What Makes You Beautiful,199986
2024-05-22 01:10,One Direction,Story of My Life,23793
2024-05-22 01:11,Billie Eilish,LUNCH,88660
2024-05-22 01:31,DUSTCELL,フラッシュバック,178640
2024-05-22 01:35,Stereopony,ツキアカリのミチシルベ,3610
2024-05-22 01:35,Nana Mizuki,革命デュアリズム,239920
2024-05-23 03:28,TWICE,I GOT YOU (Feat. Lauv),94902
2024-05-25 02:25,DUSTCELL,命の行方,11969
2024-05-25 02:30,Nobuyuki Tsujii,ラ・カンパネラ,288280
2024-05-25 02:33,Sergei Rachmaninoff,ラフマニノフ:パガニーニの主題による狂詩曲 作品43 - 第18変奏 Andante cantabile,171800
2024-05-25 02:34,Nobuyuki Tsujii,ベルリンの小径にて,61640
2024-05-27 02:19,One Direction,Night Changes,25663
2024-05-27 22:19,Kenshi Yonezu,毎日 - Every Day,182140
2024-05-27 22:22,DUSTCELL,足りない,181853
2024-05-27 22:26,DAZBEE,寄り酔い,209500
2024-05-27 22:29,ayaho,アミ,169085
2024-05-27 22:32,MAISONdes,"なんもない (feat. 星街すいせい, sakuma.)",217960
2024-05-27 22:37,Kenshi Yonezu,春雷,288893
2024-05-27 22:48,YOAKE,Itookashi,76567
2024-05-27 22:51,DUSTCELL,足りない,181853
2024-05-27 22:54,DUSTCELL,足りない,180285
2024-05-27 22:57,DUSTCELL,ORIGINAL,172226
2024-05-27 23:00,DUSTCELL,bibouroku,171520
2024-05-27 23:29,DUSTCELL,火焔,178106
2024-05-27 23:31,DUSTCELL,不成者,110480
2024-05-27 23:34,DUSTCELL,命の行方,200400
2024-05-27 23:38,DUSTCELL,DOMINATION,219453
2024-05-27 23:41,DUSTCELL,蜜蜂,194520
2024-05-27 23:44,DUSTCELL,CULT,201266
2024-05-27 23:47,DUSTCELL,Mad Hatter,159000
2024-05-27 23:50,DUSTCELL,PAIN,189818
2024-05-29 15:17,Rei Yasuda,"Tweedia - Rei Yasuda 10th Anniversary Special Live ""Turn the Page"" at Billboard Live TOKYO -2nd stage-",0
2024-05-29 15:17,DUSTCELL,izqnqi,42319
2024-05-29 15:19,XI,ANiMA,118883
2024-05-29 15:22,XI,Halcyon,161080
2024-05-30 03:07,Kenshi Yonezu,vivi,25870
2024-05-30 03:07,DUSTCELL,DERO,5010
2024-05-30 03:09,Kanaria,Yoidoreshirazu,134869
2024-05-30 03:12,Kanaria,MIRA,136216
2024-05-30 03:14,Kanaria,Dec.,132920
2024-05-30 03:16,Kanaria,アイデンティティ,155692
2024-05-30 03:19,Kanaria,KING,135500
2024-05-30 03:21,Kanaria,KING,135500
2024-05-30 03:23,Kanaria,エンヴィーベイビー x KING,135438
2024-05-30 03:26,Kanaria,Demon Lord,158720
2024-05-30 03:28,Kanaria,Requiem (feat. Hoshimachi Suisei),157161
2024-05-30 03:31,Kanaria,アイデンティティ,155692
2024-05-30 03:33,Kanaria,KING,134750
2024-05-30 03:36,Kanaria,Rendezvous,132295
2024-05-30 03:38,Kanaria,Requiem (feat. Hoshimachi Suisei),157161
2024-05-30 03:41,Kanaria,不幸せ,194000
2024-05-30 03:44,Kanaria,EYE,134496
2024-05-30 03:47,Kanaria,ヒトリユラリ,172624
2024-05-30 03:47,Kanaria,NaNaNa,35500
2024-05-30 03:50,Kanaria,ダークハッピー,182250
2024-05-30 03:53,Kanaria,Requiem (feat. HATSUNE MIKU),157161
2024-05-30 03:56,Kanaria,百鬼祭,195998
2024-05-30 03:58,Kanaria,EYE,134496
2024-05-30 04:01,Kanaria,QUEEN,141882
2024-05-30 04:04,Kanaria,百鬼祭,194500
2024-05-30 04:06,Kanaria,Dec.,132920
2024-05-30 04:08,Kanaria,ENVY BABY,135789
2024-05-30 04:11,Kanaria,Rendezvous,132295
2024-05-30 04:13,Kanaria,Yoidoreshirazu,134869
2024-05-30 04:16,Kanaria,ヒトリユラリ - MARETU REMIX,189387
2024-05-30 04:18,Kanaria,エッサホイサ,133500
2024-05-30 04:21,Kanaria,Demon Lord,158720
2024-05-30 04:23,Kanaria,QUEEN,141882
2024-05-30 04:26,Kanaria,ENVY BABY,135789
2024-05-30 04:28,Kanaria,KING,135500
2024-05-30 04:29,niKu,Lights,93515
2024-05-30 04:33,DAZBEE,アディオス,202106
2024-05-30 04:35,Rokudenashi,知らないままで,134221
2024-05-30 04:39,MAISONdes,"なんもない (feat. 星街すいせい, sakuma.)",217960
2024-05-30 04:42,25時、ナイトコードで。,ザムザ (feat. 宵崎奏&朝比奈まふゆ&東雲絵名&暁山瑞希&KAITO),213800
2024-05-30 04:45,Yupsilon,Forgery,140873
2024-05-30 04:46,jon-YAKITORY,Muchinnchi,62838
2024-05-30 04:48,DAZBEE,愛じゃない,136546
2024-05-30 04:51,Rokudenashi,ただ声一つ,161561
2024-05-30 04:54,ヨルシカ,ただ君に晴れ,198971
2024-05-30 04:57,25時、ナイトコードで。,バグ (feat. 宵崎奏&朝比奈まふゆ&東雲絵名&暁山瑞希&鏡音レン),171533
2024-05-30 05:00,MAISONdes,トウキョウ・シャンディ・ランデヴ,184766
2024-05-30 05:03,Kobo Kanaeru,HELP!!,187794
2024-05-30 05:06,DAZBEE,回る空うさぎ,172753
2024-05-30 05:09,32ki,メズマライザー (feat. 初音ミク&重音テト),156972
2024-05-30 05:13,ヨルシカ,言って。,242182
2024-05-30 05:15,Azari,Whisper Whisper Whisper,124500
2024-05-30 05:18,25時、ナイトコードで。,ジャックポットサッドガール (feat. 宵崎奏&朝比奈まふゆ&東雲絵名&暁山瑞希&初音ミク),183500
2024-05-30 05:21,Kenshi Yonezu,KICK BACK,193495
2024-05-30 05:25,DAZBEE,忘れじの言の葉,236218
2024-05-30 05:28,宝鐘マリン,I I I,185876
2024-05-30 05:31,TeddyLoid,デスぺレート,173333
2024-05-30 05:35,ヨルシカ,ヒッチコック,222813
2024-05-30 05:38,麻婆豆腐,シロガネ,211570
2024-05-30 05:41,25時、ナイトコードで。,Iなんです (feat. 宵崎奏&朝比奈まふゆ&東雲絵名&暁山瑞希&初音ミク),146533
2024-05-30 05:43,Orangestar,Surges,120875
2024-05-30 05:45,MAISONdes,けーたいみしてよ,132666
2024-05-30 05:48,Rokudenashi,Spica,165000
2024-05-30 05:51,ヨルシカ,斜陽,200186
2024-05-30 05:54,jon-YAKITORY,Konton Boogie,154421
2024-05-30 05:57,FantasticYouth,小喋日和,227625
2024-05-30 06:00,25時、ナイトコードで。,アイディスマイル (feat. 宵崎奏&朝比奈まふゆ&東雲絵名&暁山瑞希&MEIKO),180624
2024-05-30 06:04,syudou,ビターチョコデコレーション,197931
2024-05-30 06:06,Yoshida Yasei,Override,138533
2024-05-30 06:08,Azari,Black Out,135562
2024-05-30 06:10,Sasuke Haraguchi,Medicine,120352
2024-05-30 06:13,Tatsuya Kitani,化け猫,168053
2024-05-30 06:18,ヨルシカ,晴る,270705
2024-05-30 06:21,可不,フォニイ,189884
2024-05-30 06:25,Kenshi Yonezu,ピースサイン - Peace Sign,238533
2024-05-30 06:27,Azari,Shadow Shadow,141777
2024-05-30 06:30,biz,Loveit? (feat. LOLUET),148750
2024-05-30 06:32,Hoshimachi Suisei,ビビデバ,165000
2024-05-30 06:35,MAISONdes,アイタリナイ,162366
2024-05-30 06:37,Giga,CH4NGE - feat. KAFU,132032
2024-05-30 06:42,UNISON SQUARE GARDEN,シュガーソングとビターステップ,253226
2024-05-30 06:45,Aimer,残響散歌,184893
2024-05-30 06:47,Azari,Nightmare,126914
2024-05-30 06:49,ポリスピカデリー,不埒な喝采,144784
2024-05-30 06:52,Kanaria,ヒトリユラリ,172624
2024-05-30 06:54,Azari,Who?,116718
2024-05-30 06:56,Kai,さよならプリンセス,126609
2024-05-30 07:00,ヨルシカ,だから僕は音楽を辞めた,242912
2024-05-30 07:05,25時、ナイトコードで。,命に嫌われている (feat. 宵崎奏&初音ミク),271920
2024-05-30 07:08,すりぃ,ラヴィ - すりぃ ver.,180000
2024-05-30 07:10,MIMI,ハナタバ,148840
2024-05-30 07:13,MIMI,Kuninaru (feat. KAFU),154000
2024-05-30 07:17,ZUTOMAYO,残機,230373
2024-05-30 07:20,Tatsuya Kitani,聖者の行進,177760
2024-05-30 07:22,meiyo,なにやってもうまくいかない,146773
2024-05-30 07:25,25時、ナイトコードで。,ビターチョコデコレーション (feat. 宵崎奏&朝比奈まふゆ&東雲絵名&暁山瑞希&初音ミク),197320
2024-05-30 07:30,YOASOBI,夜に駆ける,258840
2024-05-30 07:33,natori,Overdose,194106
2024-05-30 07:36,TUYU,"I'm getting on the bus to the other world, see ya!",194691
2024-05-30 07:39,Reol,第六感,191624
2024-05-30 07:43,稲葉曇,リレイアウター,189412
2024-05-30 07:46,25時、ナイトコードで。,ロウワー (feat. 宵崎奏&朝比奈まふゆ&東雲絵名&暁山瑞希&MEIKO),230293
2024-05-30 07:50,DECO*27,ヒバナ -Reloaded-,206440
2024-05-30 07:54,Maretu,DARLING,223793
2024-05-30 07:56,Meddmia,Unfriendly Hater,162947
2024-05-30 08:00,QUEEN BEE,メフィスト,227320
2024-05-30 08:04,Reol,No title,243903
2024-05-30 08:07,PEOPLE 1,DOGLAND,177746
2024-05-30 08:11,TOOBOE,錠剤,201840
2024-05-30 08:14,25時、ナイトコードで。,キティ (feat. 宵崎奏&朝比奈まふゆ&東雲絵名&暁山瑞希&鏡音レン),207700
2024-05-30 08:18,YOASOBI,アイドル,211733
2024-05-30 08:20,MIMI,Isseinode,154000
2024-05-30 08:22,syudou,Kareshi No Jude,131272
2024-05-30 08:24,NAKISO,DOKUZU,120000
2024-05-30 08:27,Yoh kamiyama,YELLOW,178712
2024-05-30 08:30,柊マグネタイト,マーシャル・マキシマイザー,163686
2024-05-30 08:33,25時、ナイトコードで。,フォニイ (feat. 宵崎奏&朝比奈まふゆ&東雲絵名&暁山瑞希&MEIKO),188966
2024-05-30 08:37,Nayutalien,彗星ハネムーン,210600
2024-05-30 08:40,YOASOBI,怪物,205480
2024-05-30 08:43,jon-YAKITORY,Want You Bad,150229
2024-05-30 08:46,natori,猿芝居,175333
2024-05-30 08:48,Azari,Be My Guest,125538
2024-05-30 08:52,稲葉曇,フロートプレイ,242874
2024-05-30 08:55,DECO*27,Ghost Rule,210000
2024-05-30 08:59,NANAOAKARI,チューリングラブ,222493
2024-05-30 09:02,YOASOBI,勇者,194266
2024-05-30 09:05,Tsukuyomi,Gyakutengeki,184173
2024-05-30 09:09,Reol,MONSTER,201933
2024-05-30 09:12,稲葉曇,ハルノ寂寞,188333
2024-05-30 09:14,DECO*27,サラマンダー,155647
2024-05-30 09:20,Alstroemeria Records,Bad Apple!! feat. nomico,319426
2024-05-30 09:23,Kairikibear,BUG,171612
2024-05-30 09:26,YOASOBI,Biri-Biri,187325
2024-05-30 09:30,Reol,ヒビカセ,250551
2024-05-30 09:32,Kanaria,Dec.,132920
2024-05-30 09:36,MAISONdes,アイワナムチュー,205733
2024-05-30 09:39,和ぬか,絶頂讃歌,183080
2024-05-30 09:42,25時、ナイトコードで。,自傷無色 (feat. 宵崎奏&朝比奈まふゆ&初音ミク),216200
2024-05-30 09:46,Giga,劣等上等 feat. 鏡音リン・レン,235096
2024-05-30 09:49,すりぃ,エゴロック - long ver.,169529
2024-05-30 09:52,ano,ちゅ、多様性。,188989
2024-05-30 09:55,MAISONdes,ヨワネハキ,166966
2024-05-30 09:57,syudou,Cute Na Kanojo,131062
2024-05-30 10:01,natori,絶対零度,198483
2024-05-30 10:04,ZUTOMAYO,勘冴えて悔しいわ,236960
2024-05-30 10:08,25時、ナイトコードで。,悔やむと書いてミライ (feat. 宵崎奏&朝比奈まふゆ&東雲絵名&暁山瑞希&初音ミク),229100
2024-05-30 10:12,ワンダーランズ×ショウタイム,ブリキノダンス (feat. 天馬司&神代類&鏡音レン),198200
2024-05-30 10:15,YOASOBI,セブンティーン,198466
2024-05-30 10:17,Azari,Casino,144000
2024-05-30 10:20,Giga,CH4NGE - Self Cover,132032
2024-05-30 10:23,natori,フライデー・ナイト,176240
2024-05-30 10:25,wotaku,snooze (feat. SHIKI),178000
2024-05-30 10:31,Hoshimachi Suisei,Stellar Stellar,301453
2024-05-30 10:33,rerulili,I am you,147243
2024-05-30 10:38,25時、ナイトコードで。,限りなく灰色へ (feat. 宵崎奏&朝比奈まふゆ&東雲絵名&暁山瑞希&鏡音リン),272457
2024-05-30 10:41,Rokudenashi,Eureka,225485
2024-05-30 10:45,MARY,DAYBREAK FRONTLINE,216000
2024-05-30 10:47,Meddmia,horror terror,102000
2024-05-30 10:50,NANAOAKARI,奇縁ロマンス,221686
2024-05-30 10:55,ZUTOMAYO,秒針を噛む,260800
2024-05-30 10:58,Kairikibear,アンヘル,217885
2024-05-30 11:02,YOASOBI,祝福,192400
2024-05-30 11:05,QUEEN BEE,火炎,215973
2024-05-30 11:09,結束バンド,青春コンプレックス,203626
2024-05-30 11:12,TUYU,Compared Child,214155
2024-05-30 11:16,Sangatsu no Phantasia,パステルレイン,212453
2024-05-30 11:19,wowaka,Rollin’ Girl,194000
2024-05-30 11:24,ZUTOMAYO,お勉強しといてよ,279200
2024-05-30 11:27,QUEEN BEE,バイオレンス,234866
2024-05-30 11:32,結束バンド,星座になれたら,258173
2024-05-30 11:36,YOASOBI,群青,248026
2024-05-30 11:39,TUYU,Goodbye to Rock you,208231
2024-05-30 11:43,Maretu,Brain Revolution Girl 2016 ver.,220108
2024-05-30 11:46,Creepy Nuts,堕天,172906
2024-05-30 11:50,25時、ナイトコードで。,携帯恋話 (feat. 東雲絵名&暁山瑞希&初音ミク),253301
2024-05-30 11:53,DECO*27,デビルじゃないもん,163682
2024-05-30 11:56,YOASOBI,ハルジオン,198600
2024-05-30 12:00,TUYU,Trapped in the past,229333
2024-05-30 12:03,Nayutalien,Alien Alien,181973
2024-05-30 12:06,wotaku,シャンティ (feat. KAITO),165958
2024-05-30 12:11,Sayuri,花の塔,275960
2024-05-30 12:14,25時、ナイトコードで。,ベノム (feat. 東雲絵名&暁山瑞希),195800
2024-05-30 12:16,DECO*27,ラビットホール,159000
2024-05-30 12:21,TUYU,It's Raining After All,244716
2024-05-30 12:23,Kanaria,Dec.,132920
2024-05-30 12:27,Maretu,Mind brand,259230
2024-05-30 12:30,meiyo,なにやってもうまくいかない feat.asmi,148022
2024-05-30 12:32,たかやん,LOVE BEAM!!,118189
2024-05-30 12:36,ZUTOMAYO,綺羅キラー,253133
2024-05-30 12:39,MAISONdes,雷櫻,218333
2024-05-30 12:41,Sumia,Despair Incident,119986
2024-05-30 12:45,TOOBOE,心臓,224200
2024-05-30 12:49,Yuu Miyashita,Non-Breath Oblige,207400
2024-05-30 12:52,バルーン,花に風,225748
2024-05-30 12:56,紫 今,魔性の女A,220833
2024-05-30 13:00,ZUTOMAYO,正しくなれない,240066
2024-05-30 13:03,Tatsuya Kitani,青のすみか,196640
2024-05-30 13:07,TUYU,"Being low as dirt, taking what's important from me",192266
2024-05-30 13:10,Ayase,SHOCK!,180277
2024-05-30 13:13,Ryokuoushoku Shakai,花になって - Be a flower,199333
2024-05-30 13:16,Hakos Baelz,PSYCHO,175124
2024-05-30 13:19,KANKAN,suima,190692
2024-05-30 13:22,Kuroneko,ブリキノダンス,199706
2024-05-30 13:24,NAKISO,OMAJINAI,117391
2024-05-30 13:29,稲葉曇,ラグトレイン,252680
2024-05-30 13:32,yama,Haru wo Tsugeru,196497
2024-05-30 13:35,YOASOBI,アドベンチャー,198853
2024-05-30 13:39,須田景凪,veil,209636
2024-05-30 13:42,麻婆豆腐,グッバイ宣言,173179
2024-05-30 13:46,Tsukuyomi,Reason for existence,241733
2024-05-30 13:49,TUYU,I Hope You Can Be an Adult Someday.,174499
2024-05-30 13:52,wotaku,DOGMA,191555
2024-05-30 13:55,結束バンド,忘れてやらない,223360
2024-05-30 13:58,SEVENTHLINKS,p.h.,155429
2024-05-30 14:01,すりぃ,テレキャスタービーボーイ,165306
2024-05-30 14:05,Maretu,White Happy,234303
2024-05-30 14:09,Reol,drop pop candy (feat. ギガ),224962
2024-05-30 14:12,wotaku,マフィア,185937
2024-05-30 14:15,HiiragiKirai,Bocca della Verità,201318
2024-05-30 14:17,cosMo@Bousou-P,MACHINEGUN POEM DOLL,140527
2024-05-30 14:20,Giga,G4L,180053
2024-05-30 14:24,Kairikibear,DARLING DANCE,206274
2024-05-30 14:27,Reol,LUVORATORRRRRY!,204187
2024-05-30 14:31,ZAQ,Dance In The Game,208626
2024-05-30 14:34,rerulili,脳漿炸裂ガール 2015ver.,192440
2024-05-30 14:38,ReoNa,ないない,252106
2024-05-30 14:42,結束バンド,ギターと孤独と蒼い惑星,228960
2024-05-30 14:46,MIMI,マシュマリー,213627
2024-05-30 14:48,Chinozo,good-bye declaration,172790
2024-05-30 14:52,P丸様｡,シル・ヴ・プレジデント,190493
2024-05-30 14:55,Kradness,おこちゃま戦争,213733
2024-05-30 14:58,DECO*27,Animal,152266
2024-05-30 15:01,r-906,Step for a Crescent,189700
2024-05-30 15:04,yama,色彩,192920
2024-06-04 03:19,DUSTCELL,オルターエゴ,3880
2024-06-04 03:19,DUSTCELL,足りない,1430
2024-06-04 03:19,DUSTCELL,STIGMA,1050
2024-06-04 03:19,DUSTCELL,SOPPY,920
2024-06-04 03:19,DUSTCELL,DERO,910
2024-06-04 03:19,DUSTCELL,SAVEPOINT,9650
2024-06-04 03:19,DUSTCELL,狂う獣,930
2024-06-04 03:19,DUSTCELL,Void,1960
2024-06-07 02:36,DUSTCELL,Void,550
2024-06-07 02:40,DUSTCELL,蜜蜂,194520
2024-06-07 02:42,DUSTCELL,Mad Hatter,159000
2024-06-07 02:45,DUSTCELL,bibouroku,171520
2024-06-07 02:49,DUSTCELL,CULT,201266
2024-06-07 02:52,DUSTCELL,アネモネ,191933
2024-06-07 02:55,DUSTCELL,ANTIHERO,167426
2024-06-07 02:55,DUSTCELL,漂泊者,50873
2024-06-07 22:07,32ki,メズマライザー (feat. 初音ミク&重音テト),156972
2024-06-07 22:10,Kanaria,Demon Lord,158720
2024-06-07 22:11,jon-YAKITORY,Muchinnchi,62838
2024-06-07 22:14,稲葉曇,私は雨,220416
2024-06-07 22:17,DECO*27,ラビットホール,159000
2024-06-07 22:21,Maretu,Brain Revolution Girl 2016 ver.,220108
2024-06-07 22:23,Sumia,Despair Incident,119986
2024-06-07 22:25,Kanaria,QUEEN,141882
2024-06-07 22:28,宝鐘マリン,I I I,185876
2024-06-07 22:30,Azari,Shadow Shadow,141777
2024-06-07 22:33,DECO*27,あいたい星人,168706
2024-06-07 22:38,Maretu,Mind brand,259230
2024-06-07 22:38,Kai,さよならプリンセス,39562
2024-06-09 03:43,Kai,さよならプリンセス,1390
2024-06-11 20:36,XI,Parousia,92746
2024-06-11 20:37,DUSTCELL,どした？,29440
2024-06-11 20:40,DUSTCELL,足りない,180285
2024-06-11 20:41,DUSTCELL,不成者,110480
2024-06-11 20:44,DUSTCELL,Void,173586
2024-06-11 20:47,DUSTCELL,透明度,175266
2024-06-11 20:51,DUSTCELL,オルターエゴ,222866
2024-06-11 20:55,DUSTCELL,Heaven and Hell,241120
2024-06-13 05:29,TWICE,ONE SPARK,183559
2024-06-13 05:33,TWICE,What is Love?,208240
2024-06-13 05:36,TWICE,The Feels,198053
2024-06-13 05:38,TWICE,I GOT YOU (Original),125188
2024-07-01 21:02,DUSTCELL,ANTIHERO,139858
2024-07-05 23:13,Nobuyuki Tsujii,ピアノ協奏曲第2番ハ短調作品18 - 第1楽章,453900
2024-07-05 23:14,Jake Miller,WHITE NIGHT,23661
2024-07-05 23:15,Jake Miller,WHITE NIGHT,61301
2024-08-05 06:23,Robin,Hope Is the Thing With Feathers,118561
