"name","lastModifiedDate","items__track__trackName","items__track__artistName","items__track__albumName","items__track__trackUri","items__episode","items__audiobook","items__localTrack","items__addedDate","description","numberOfFollowers"
"👉🏼👈🏽🥺","2023-11-29","family ties (with Kendrick Lamar)","Baby Keem","The Melodic Blue","spotify:track:3QFInJAm9eyaho5vBzxInN","null","null","null","2023-11-29","null","0"
"","","N95","Kendrick Lamar","Mr. Morale & The Big Steppers","spotify:track:0fX4oNGBWO3dSGUZcVdVV2","null","null","null","2023-11-29","",""
"","","Sundress","A$AP Rocky","Sundress","spotify:track:2aPTvyE09vUCRwVvj0I8WK","null","null","null","2023-11-29","",""
"gay losers 69","2024-02-27","Swang","Rae Sremmurd","SremmLife 2","spotify:track:6mapJIPnQ23RTAevUoE0DL","null","null","null","2019-03-06","null","2"
"","","New Freezer (feat. Kendrick Lamar)","Rich The Kid","The World Is Yours","spotify:track:0eHCArTPhwUxatY7cEXRiK","null","null","null","2019-03-06","",""
"","","Plug Walk","Rich The Kid","The World Is Yours","spotify:track:6mAz8D1TmlTuef90dbNIiZ","null","null","null","2019-03-06","",""
"","","By Chance","Rae Sremmurd","SremmLife 2","spotify:track:3eaZlarqKQ4oAceRwJHfF5","null","null","null","2019-03-06","",""
"","","Yes Indeed","Lil Baby","Harder Than Ever","spotify:track:6vN77lE9LK6HP2DewaN6HZ","null","null","null","2019-03-06","",""
"","","Look Alive (feat. Drake)","BlocBoy JB","Look Alive (feat. Drake)","spotify:track:4qKcDkK6siZ7Jp1Jb4m0aL","null","null","null","2019-03-06","",""
"","","King's Dead (with Kendrick Lamar, Future & James Blake)","Jay Rock","King's Dead (with Kendrick Lamar, Future & James Blake)","spotify:track:51rXHuKN8Loc4sUlKPODgH","null","null","null","2019-03-06","",""
"","","T'd Up - From SR3MM","Rae Sremmurd","SR3MM","spotify:track:7bddNsGZem9W4j4rzZBIXj","null","null","null","2019-03-06","",""
"","","Ric Flair Drip (with Metro Boomin)","Offset","Without Warning","spotify:track:7sO5G9EABYOXQKNPNiE9NR","null","null","null","2019-03-06","",""
"","","Moonlight","XXXTENTACION","?","spotify:track:0JP9xo3adEtGSdUEISiszL","null","null","null","2019-03-06","",""
"","","SAD!","XXXTENTACION","?","spotify:track:3ee8Jmje8o58CHK66QrVC2","null","null","null","2019-03-06","",""
"","","Gyalchester","Drake","More Life","spotify:track:6UjfByV1lDLW0SOVQA4NAi","null","null","null","2019-03-06","",""
"","","No Complaints","Metro Boomin","No Complaints","spotify:track:6kig1UFggPUyZBCvXD3Wod","null","null","null","2019-03-06","",""
"","","Growed Up - From Jxmtro","Rae Sremmurd","SR3MM","spotify:track:3d9XTk4jxEejqOU8MsLyiM","null","null","null","2019-03-06","",""
"","","Walk It Talk It","Migos","Culture II","spotify:track:6n4U3TlzUGhdSFbUUhTvLP","null","null","null","2019-03-06","",""
"","","Lucid Dreams","Juice WRLD","Goodbye & Good Riddance","spotify:track:0X8DcetL926BYiPJYstJTc","null","null","null","2019-03-06","",""
"","","Ice Tray","Quality Control","Quality Control: Control The Streets Volume 1","spotify:track:3wdfLVUhmX64lIyWIIEW8s","null","null","null","2019-03-06","",""
"","","KOD","J. Cole","KOD","spotify:track:7yotKA30dwTKNEGomV9ZsI","null","null","null","2019-03-06","",""
"","","Watch (feat. Lil Uzi Vert & Kanye West)","Travis Scott","Watch (feat. Lil Uzi Vert & Kanye West)","spotify:track:3DoBTwfr8yi2LN08SBpFkN","null","null","null","2019-03-06","",""
"","","This Is America","Childish Gambino","This Is America","spotify:track:0b9oOr2ZgvyQu88wzixux9","null","null","null","2019-03-06","",""
"","","JAPAN","Famous Dex","Dex Meets Dexter","spotify:track:5PTG6rrL6EPFD9E2QMI2pl","null","null","null","2019-03-06","",""
"","","Like Us","Ayo & Teo","Like Us","spotify:track:01stPT7J3W6Zx45jj1f4nk","null","null","null","2019-03-06","",""
"","","NC-17","Travis Scott","ASTROWORLD","spotify:track:6BJbOXDlgVAXSaq6wYFYT2","null","null","null","2019-03-06","",""
"","","YOSEMITE","Travis Scott","ASTROWORLD","spotify:track:7lAK3oHbfEnvUQWosrMMpR","null","null","null","2019-03-06","",""
"","","BUTTERFLY EFFECT","Travis Scott","ASTROWORLD","spotify:track:2cYqizR4lgvp4Qu6IQ3qGN","null","null","null","2019-03-06","",""
"","","Taking A Walk","Trippie Redd","LIFE'S A TRIP","spotify:track:4mHgYpuGHu99Mw69E83CP2","null","null","null","2019-03-06","",""
"","","XO Tour Llif3","Lil Uzi Vert","Luv Is Rage 2","spotify:track:7GX5flRQZVHRAGd6B4TmDO","null","null","null","2019-03-06","",""
"","","STARGAZING","Travis Scott","ASTROWORLD","spotify:track:7wBJfHzpfI3032CSD7CE2m","null","null","null","2019-03-06","",""
"","","66","Lil Yachty","Lil Boat 2","spotify:track:6tarvNiKnEjYMj1VZhlDqR","null","null","null","2019-03-06","",""
"","","Crush A Lot","Lil Baby","Street Gossip","spotify:track:39RWYLt6hgk9BbhkDgaHW9","null","null","null","2019-03-06","",""
"","","Drip Too Hard","Lil Baby","Drip Too Hard","spotify:track:1BxkZE73h9BN3qwuA15TA3","null","null","null","2019-03-06","",""
"","","Mo Bamba","Sheck Wes","MUDBOY","spotify:track:1xzBco0xcoJEDXktl7Jxrr","null","null","null","2019-03-06","",""
"","","Noticed","Lil Mosey","Northsbest","spotify:track:6JQvHMSaR8flFsN53ypOfP","null","null","null","2019-03-06","",""
"","","Creeping (feat. Rich the Kid)","Lil Skies","Creeping (feat. Rich the Kid)","spotify:track:7ms3VzLTfr7fXNOqA4Mkx9","null","null","null","2019-03-06","",""
"","","Pure Cocaine","Lil Baby","Street Gossip","spotify:track:577YBGuskWkVDCxZrLRB4v","null","null","null","2019-03-06","",""
"","","Ready (feat. Gunna)","Lil Baby","Street Gossip","spotify:track:4F6yN5FsFW10Ucx7cLCzBh","null","null","null","2019-03-06","",""
"","","Boof Pack","Lil Mosey","Northsbest","spotify:track:7wExAu2KtrNx2KKwsv5EUx","null","null","null","2019-03-06","",""
"","","Kamikaze","Lil Mosey","Northsbest","spotify:track:1iPBD72u3nAyFEeardYuBV","null","null","null","2019-03-06","",""
"","","Rarri","Lil Mosey","Northsbest","spotify:track:1XnJkUVf3A4PVwe6AvaIfN","null","null","null","2019-03-06","",""
"","","Chopsticks","Almighty Jay","Chopsticks","spotify:track:48NWUlHl5qWOvDKrsoox4L","null","null","null","2019-03-06","",""
"","","Splashin","Rich The Kid","Splashin","spotify:track:79OEIr4J4FHV0O3KrhaXRb","null","null","null","2019-03-06","",""
"","","Crushed Up","Future","Crushed Up","spotify:track:7AYuSG1LoaaFVKjOxsB6Vh","null","null","null","2019-03-06","",""
"","","1.5","21 Savage","i am > i was","spotify:track:2wOXxtHZgRkkrkEbKLzzqs","null","null","null","2019-03-06","",""
"","","Yacht Club (feat. Juice WRLD)","Lil Yachty","Nuthin' 2 Prove","spotify:track:5R2rsbwCDXORX2tLfprRmM","null","null","null","2019-03-06","",""
"","","One Night","Lil Yachty","Lil Boat","spotify:track:40yJGQyEaBbIkXpwMFkXip","null","null","null","2019-03-06","",""
"","","iSpy (feat. Lil Yachty)","KYLE","iSpy (feat. Lil Yachty)","spotify:track:2EEeOnHehOozLq4aS0n6SL","null","null","null","2019-03-06","",""
"","","Shake It Up","Trippie Redd","LIFE'S A TRIP","spotify:track:6yz0Jndhv0QjKdpcEMbOjz","null","null","null","2019-03-06","",""
"","","I Am (Lil Baby & Gunna)","Lil Baby","Drip Harder","spotify:track:3F57PtOdqRpD6euFYqtKXX","null","null","null","2019-03-06","",""
"","","Broccoli","DRAM","Broccoli","spotify:track:0qy5D3OJre7SPJNMOL9I71","null","null","null","2019-03-06","",""
"","","MIDDLE CHILD","J. Cole","MIDDLE CHILD","spotify:track:2JvzF1RMd7lE3KmFlsyZD8","null","null","null","2019-03-06","",""
"","","Murder on My Mind","YNW Melly","I AM YOU","spotify:track:7eBqSVxrzQZtK2mmgRG6lC","null","null","null","2019-03-06","",""
"","","Speed It Up","Gunna","Speed It Up","spotify:track:3BXXkwyhsHM0EPApHMhQC5","null","null","null","2019-03-06","",""
"","","Thotiana","Blueface","Famous Cryp","spotify:track:3oh6SCCeLuXhFpEyepla6G","null","null","null","2019-03-06","",""
"","","Armed And Dangerous","Juice WRLD","Goodbye & Good Riddance","spotify:track:5wujBwqG7INdStqGd4tRMX","null","null","null","2019-03-06","",""
"","","Robbery","Juice WRLD","Robbery","spotify:track:44ShclXTOOnYtt5CnCDeGV","null","null","null","2019-03-06","",""
"","","Foot Fungus","Ski Mask The Slump God","STOKELEY","spotify:track:3EikYy40GMSp8l5mDV6IQo","null","null","null","2019-03-06","",""
"","","ZEZE (feat. Travis Scott & Offset)","Kodak Black","ZEZE (feat. Travis Scott & Offset)","spotify:track:7l3E7lcozEodtVsSTCkcaA","null","null","null","2019-03-06","",""
"","","Lust","Lil Skies","Life of a Dark Rose","spotify:track:7oJrVhiTPZGBXWPwhxjy9S","null","null","null","2019-03-06","",""
"","","I Get the Bag (feat. Migos)","Gucci Mane","Mr. Davis","spotify:track:1XRgIKC5TPwo7nWGyKqgG0","null","null","null","2019-03-06","",""
"","","WORKIN ME","Quavo","QUAVO HUNCHO","spotify:track:4MAsYGSgxsaj73dC2lvFC4","null","null","null","2019-03-06","",""
"","","Pull Up","Lil Mosey","Northsbest","spotify:track:6dww8y59MiIREzWonqzGOy","null","null","null","2019-03-06","",""
"","","Going Bad (feat. Drake)","Meek Mill","Championships","spotify:track:2IRZnDFmlqMuOrYOLnZZyc","null","null","null","2019-03-06","",""
"","","Sunflower - Spider-Man: Into the Spider-Verse","Post Malone","Spider-Man: Into the Spider-Verse","spotify:track:7dbka99KTWke5o9hRp0JoB","null","null","null","2019-03-06","",""
"","","a lot","21 Savage","i am > i was","spotify:track:2t8yVaLvJ0RenpXUIAC52d","null","null","null","2019-03-06","",""
"","","Swervin (feat. 6ix9ine)","A Boogie Wit da Hoodie","Hoodie SZN","spotify:track:1wJRveJZLSb1rjhnUHQiv6","null","null","null","2019-03-06","",""
"","","Space Cadet (feat. Gunna)","Metro Boomin","NOT ALL HEROES WEAR CAPES","spotify:track:5gub2bpJRgJP4m4MliqtdV","null","null","null","2019-03-06","",""
"","","Look Back at It","A Boogie Wit da Hoodie","Look Back at It","spotify:track:3J5YrOvX2A0EA0j4BARQ9o","null","null","null","2019-03-06","",""
"","","monster","21 Savage","i am > i was","spotify:track:2FUNBaa5DwItJtYEBgAblU","null","null","null","2019-03-06","",""
"","","REEL IT IN (feat. Gucci Mane) - Remix","Aminé","REEL IT IN","spotify:track:4yVEpUXxYgBwfSOKGTFxv5","null","null","null","2019-03-06","",""
"","","Powerglide (feat. Juicy J)","Rae Sremmurd","Powerglide (feat. Juicy J)","spotify:track:2yUbCEiaolfSMluDo9RMmG","null","null","null","2019-03-06","",""
"","","Stir Fry","Migos","Culture II","spotify:track:2UVbBKQOdFAekPTRsnkzcf","null","null","null","2019-03-06","",""
"","","Faucet Failure","Ski Mask The Slump God","STOKELEY","spotify:track:1ThmUihH9dF8EV08ku5AXN","null","null","null","2019-03-28","",""
"","","Burberry Headband","Lil Mosey","Northsbest","spotify:track:3k8M6cCVi3q0gthqFy7TLc","null","null","null","2019-04-03","",""
"","","Suge","DaBaby","Baby On Baby","spotify:track:2gwkD6igEhQbDQegRCcdoB","null","null","null","2019-05-22","",""
"","","Drowning (feat. Kodak Black)","A Boogie Wit da Hoodie","The Bigger Artist","spotify:track:1f5cbQtDrykjarZVrShaDI","null","null","null","2019-05-22","",""
"","","Pure Water (with Migos)","Mustard","Pure Water (with Migos)","spotify:track:63cd4JkwGgYJrbOizbfmsp","null","null","null","2019-05-29","",""
"","","Ransom","Lil Tecca","Ransom","spotify:track:1kBbgxAUc4HQv7cgIayIDH","null","null","null","2019-07-25","",""
"","","Antidote","Travis Scott","Rodeo","spotify:track:1wHZx0LgzFHyeIZkUydNXq","null","null","null","2020-03-28","",""
"","","The Real Slim Shady","Eminem","The Marshall Mathers LP","spotify:track:3yfqSUWxFvZELEM4PmlwIR","null","null","null","2020-03-28","",""
"","","Billie Jean","Michael Jackson","Thriller 25 Super Deluxe Edition","spotify:track:5ChkMS8OtdzJeqyybCc9R5","null","null","null","2020-03-28","",""
"","","Beat It","Michael Jackson","Thriller 25 Super Deluxe Edition","spotify:track:1OOtq8tRnDM8kG2gqUPjAj","null","null","null","2020-03-28","",""
"","","Thriller","Michael Jackson","Thriller 25 Super Deluxe Edition","spotify:track:3S2R0EVwBSAVMd5UMgKTL0","null","null","null","2020-03-28","",""
"","","We Are Young (feat. Janelle Monáe)","fun.","Some Nights","spotify:track:7a86XRg84qjasly9f6bPSD","null","null","null","2020-03-28","",""
"","","Some Nights","fun.","Some Nights","spotify:track:6t6oULCRS6hnI7rm0h5gwl","null","null","null","2020-03-28","",""
"","","Carry On","fun.","Some Nights","spotify:track:7gpy7sfWPNuOKmUNs3XQYE","null","null","null","2020-03-28","",""
"","","HIGHEST IN THE ROOM","Travis Scott","HIGHEST IN THE ROOM","spotify:track:3eekarcy7kvN4yt5ZFzltW","null","null","null","2020-03-28","",""
"","","EARFQUAKE","Tyler, The Creator","IGOR","spotify:track:5hVghJ4KaYES3BFUATCYn0","null","null","null","2020-03-28","",""
"","","Congratulations","Post Malone","Stoney","spotify:track:3a1lNhkSLSkpJE4MSHpDu9","null","null","null","2020-03-28","",""
"","","HUMBLE.","Kendrick Lamar","DAMN.","spotify:track:7KXjTSCq5nL1LoYtL7XAwS","null","null","null","2020-03-28","",""
"","","Young Dumb & Broke","Khalid","American Teen","spotify:track:5Z3GHaZ6ec9bsiI5BenrbY","null","null","null","2020-03-28","",""
"","","I Fall Apart","Post Malone","Stoney","spotify:track:75ZvA4QfFiZvzhj2xkaWAh","null","null","null","2020-03-28","",""
"","","Location","Khalid","American Teen","spotify:track:152lZdxL1OR0ZMW6KquMif","null","null","null","2020-03-28","",""
"","","Unforgettable","French Montana","Jungle Rules","spotify:track:3B54sVLJ402zGa6Xm4YGNe","null","null","null","2020-03-28","",""
"","","Trap Queen","Fetty Wap","Fetty Wap","spotify:track:2d8JP84HNLKhmd6IYOoupQ","null","null","null","2020-03-28","",""
"","","Panda","Desiigner","Panda","spotify:track:275a9yzwGB6ncAW4SxY7q3","null","null","null","2020-03-28","",""
"","","POWER","Kanye West","My Beautiful Dark Twisted Fantasy","spotify:track:2gZUPNdnz5Y45eiGxpHGSc","null","null","null","2020-03-28","",""
"","","Lean On (feat. MØ & DJ Snake)","Major Lazer","Peace Is The Mission","spotify:track:1qE47wUKG2juJwPoLqg4C9","null","null","null","2020-03-28","",""
"","","Wake Me Up","Avicii","True","spotify:track:4h8VwCb1MTGoLKueQ1WgbD","null","null","null","2020-03-28","",""
"","","Radioactive","Imagine Dragons","Night Visions","spotify:track:4G8gkOterJn0Ywt6uhqbhp","null","null","null","2020-03-28","",""
"","","Grenade","Bruno Mars","Doo-Wops & Hooligans","spotify:track:4lLtanYk6tkMvooU0tWzG8","null","null","null","2020-03-28","",""
"","","Hot N*gga","Bobby Shmurda","Hot N*gga","spotify:track:19gEmPjfqSZT0ulDRfjl0m","null","null","null","2020-03-28","",""
"","","Mask Off","Future","FUTURE","spotify:track:0VgkVdmE4gld66l8iyGjgx","null","null","null","2020-03-28","",""
"","","White Iverson","Post Malone","Stoney","spotify:track:6eT7xZZlB2mwyzJ2sUKG6w","null","null","null","2020-03-28","",""
"","","Hot Shower","Chance the Rapper","The Big Day","spotify:track:00ko9WaS4jOX1kEk3gvHjf","null","null","null","2020-03-28","",""
"","","Life Is Good (feat. Drake)","Future","Life Is Good (feat. Drake)","spotify:track:5yY9lUy8nbvjM1Uyo1Uqoc","null","null","null","2020-03-28","",""
"","","Bad Bad Bad (feat. Lil Baby)","Young Thug","So Much Fun","spotify:track:1GeNui6m825V8jP4uKiIaH","null","null","null","2020-03-28","",""
"","","Crushed Up","Future","Future Hndrxx Presents: The WIZRD","spotify:track:7wcyO1rrH3Ru4t659IjG41","null","null","null","2020-03-28","",""
"","","Rap God","Eminem","Rap God","spotify:track:6r027Faonff84hxFMjMbIH","null","null","null","2020-03-28","",""
"","","goosebumps","Travis Scott","Birds In The Trap Sing McKnight","spotify:track:6gBFPUFcJLzWGx4lenP6h2","null","null","null","2020-03-28","",""
"","","Walk It Talk It","Migos","Culture II","spotify:track:1jr1BnpXymcf2i97mTR8tJ","null","null","null","2020-03-28","",""
"","","P2","Lil Uzi Vert","Eternal Atake","spotify:track:3kW4z2pIj5VY5fLjBrMRL5","null","null","null","2020-03-28","",""
"","","No Stylist (feat. Drake)","French Montana","No Stylist","spotify:track:04MLEeAMuV9IlHEsD8vF6A","null","null","null","2020-03-28","",""
"","","DNA.","Kendrick Lamar","DAMN.","spotify:track:6HZILIRieu8S0iqY8kIKhj","null","null","null","2020-03-28","",""
"","","Nice For What","Drake","Scorpion","spotify:track:3CA9pLiwRIGtUBiMjbZmRw","null","null","null","2020-03-28","",""
"","","Believer","Imagine Dragons","Evolve","spotify:track:0pqnGHJpmpxLKifKRmU6WP","null","null","null","2020-03-28","",""
"","","Thunder","Imagine Dragons","Evolve","spotify:track:1zB4vmk8tFRmM9UULNzbLB","null","null","null","2020-03-28","",""
"","","Shots","Imagine Dragons","Smoke + Mirrors","spotify:track:64MmobYNviePoiaINMrbMn","null","null","null","2020-03-28","",""
"","","Smoke And Mirrors","Imagine Dragons","Smoke + Mirrors","spotify:track:5w5NylxR2K71isn84raTZh","null","null","null","2020-03-28","",""
"","","It's Time","Imagine Dragons","Night Visions","spotify:track:6BtmXhTJMM9sBTHeYYASGz","null","null","null","2020-03-29","",""
"","","Secrets","OneRepublic","Waking Up","spotify:track:4zweVv3Wa6XgexhoUOzkYs","null","null","null","2020-03-29","",""
"","","Centuries","Fall Out Boy","American Beauty/American Psycho","spotify:track:04aAxqtGp5pv12UXAg4pkq","null","null","null","2020-04-11","",""
"","","Haven't Met You Yet","Michael Bublé","Crazy Love","spotify:track:4iMdiQO0YJwEkWf8eI2wff","null","null","null","2020-04-11","",""
"","","Jordan Belfort","Wes Walker","Jordan Belfort","spotify:track:6qMXubogFdMrvVMJwqATzd","null","null","null","2020-04-11","",""
"","","Let It Rock","Kevin Rudolf","In The City","spotify:track:6TrNRd98WksT9Kkmx9uj6R","null","null","null","2020-04-11","",""
"","","Rather Be (feat. Jess Glynne)","Clean Bandit","Rather Be (feat. Jess Glynne)","spotify:track:3s4U7OHV7gnj42VV72eSZ6","null","null","null","2020-04-11","",""
"","","Blueberry Faygo","Lil Mosey","Certified Hitmaker","spotify:track:22LAwLoDA5b4AaGSkg6bKW","null","null","null","2020-04-11","",""
"","","The Time (Dirty Bit)","Black Eyed Peas","The Beginning","spotify:track:7vWFaMq63AwkFDhS2OAg5u","null","null","null","2020-04-12","",""
"","","Enjoy Yourself (feat. Karol G)","Pop Smoke","Shoot For The Stars Aim For The Moon","spotify:track:3NWrHCwvyII4fTx05PN3IO","null","null","null","2020-11-13","",""
"","","Trophies","Young Money","Rise Of An Empire","spotify:track:6HfOzLLjsaXsehIFEsrxTk","null","null","null","2020-12-26","",""
"","","Smooth Criminal - 2012 Remaster","Michael Jackson","Bad 25th Anniversary","spotify:track:2bCQHF9gdG5BNDVuEIEnNk","null","null","null","2020-12-26","",""
"","","Black or White","Michael Jackson","Dangerous","spotify:track:7EsjkelQuoUlJXEw7SeVV4","null","null","null","2020-12-26","",""
"","","They Don't Care About Us","Michael Jackson","HIStory - PAST, PRESENT AND FUTURE - BOOK I","spotify:track:3wuCCNCnBhJlwkIJTBZFiv","null","null","null","2020-12-26","",""
"","","Livin' On A Prayer","Bon Jovi","Slippery When Wet","spotify:track:37ZJ0p5Jm13JPevGcx4SkF","null","null","null","2020-12-26","",""
"","","Don't Stop Believin'","Journey","Escape","spotify:track:4bHsxqR3GMrXTxEPLuK5ue","null","null","null","2020-12-26","",""
"","","Stayin Alive","Bee Gees","How Can You Mend A Broken Heart","spotify:track:5ubvP9oKmxLUVq506fgLhk","null","null","null","2020-12-26","",""
"","","BORN IN THE USA","American Boys","Bruce Springsteen","spotify:track:0yJqMTbkajyRhmwSjCd8Kq","null","null","null","2020-12-26","",""
"","","Y.M.C.A.","Village People","Cruisin'","spotify:track:4YOJFyjqh8eAcbKFfv88mV","null","null","null","2020-12-26","",""
"","","U Can't Touch This","MC Hammer","Please Hammer Don't Hurt 'Em","spotify:track:1B75hgRqe7A4fwee3g3Wmu","null","null","null","2020-12-26","",""
"","","Bank Account","21 Savage","Issa Album","spotify:track:2fQrGHiQOvpL9UgPvtYy6G","null","null","null","2020-12-26","",""
"","","Nonstop","Drake","Scorpion","spotify:track:0TlLq3lA83rQOYtrqBqSct","null","null","null","2020-12-26","",""
"","","Mixed Personalities (feat. Kanye West)","YNW Melly","We All Shine","spotify:track:6vWEAOUSxohKxhp0K1BsxL","null","null","null","2020-12-26","",""
"","","Look At Me!","XXXTENTACION","Look At Me!","spotify:track:7floNISpH8VF4z4459Qo18","null","null","null","2020-12-26","",""
"","","Narcos","Migos","Culture II","spotify:track:0wbnC9AUenxp613TYaJsGK","null","null","null","2020-12-26","",""
"","","Bad and Boujee (feat. Lil Uzi Vert)","Migos","Culture","spotify:track:4Km5HrUvYTaSUfiSGPJeQR","null","null","null","2020-12-26","",""
"","","Slippery (feat. Gucci Mane)","Migos","Culture","spotify:track:6p8NuHm8uCGnn2Dtbtf7zE","null","null","null","2020-12-26","",""
"","","Mr. Clean","Yung Gravy","Snow Cougar","spotify:track:5GxnROd93Y7NGt2ci0TwBw","null","null","null","2020-12-26","",""
"","","1 Thot 2 Thot Red Thot Blue Thot","Yung Gravy","Snow Cougar","spotify:track:7LptQZjp5wgdYDQZPjOV9O","null","null","null","2020-12-26","",""
"","","6 Foot 7 Foot","Lil Wayne","Tha Carter IV","spotify:track:0z5ZPs57J2KERwM1tBM2GF","null","null","null","2020-12-26","",""
"","","Leave Me Alone","Flipp Dinero","LOVE FOR GUALA","spotify:track:6V7g6qM8wheMivMWrzbPTM","null","null","null","2020-12-26","",""
"","","Laugh Now Cry Later (feat. Lil Durk)","Drake","Laugh Now Cry Later (feat. Lil Durk)","spotify:track:2SAqBLGA283SUiwJ3xOUVI","null","null","null","2020-12-26","",""
"","","Money Longer","Lil Uzi Vert","Lil Uzi Vert vs. The World","spotify:track:0B8QzDH7YWih85V5SEMnyJ","null","null","null","2020-12-26","",""
"","","Till I Collapse","Eminem","The Eminem Show","spotify:track:4xkOaSrkexMciUUogZKVTS","null","null","null","2020-12-26","",""
"","","WHATS POPPIN (feat. DaBaby, Tory Lanez & Lil Wayne) - Remix","Jack Harlow","WHATS POPPIN (feat. DaBaby, Tory Lanez & Lil Wayne)","spotify:track:2MbdDtCv5LUVjYy9RuGTgC","null","null","null","2020-12-26","",""
"","","rockstar (feat. 21 Savage)","Post Malone","beerbongs & bentleys","spotify:track:0e7ipj03S05BNilyu5bRzt","null","null","null","2020-12-26","",""
"","","Candy Paint","Post Malone","beerbongs & bentleys","spotify:track:32lItqlMi4LBhb4k0BaSaC","null","null","null","2020-12-26","",""
"","","Mood (feat. iann dior)","24kGoldn","Mood (feat. iann dior)","spotify:track:3tjFYV6RSFtuktYl3ZtYcq","null","null","null","2020-12-26","",""
"","","PICK IT UP (feat. A$AP Rocky)","Famous Dex","Dex Meets Dexter","spotify:track:0dSIrRkA4PadGll16TgbnV","null","null","null","2020-12-26","",""
"","","I'm Upset","Drake","Scorpion","spotify:track:3qN5qMTKyEEmiTZD38BNTT","null","null","null","2020-12-26","",""
"","","Come & Go (with Marshmello)","Juice WRLD","Legends Never Die","spotify:track:2Y0wPrPQBrGhoLn14xRYCG","null","null","null","2020-12-26","",""
"","","P.Y.T. (Pretty Young Thing)","Michael Jackson","Thriller 25 Super Deluxe Edition","spotify:track:5lA3pwMkBdd24StM90QrNR","null","null","null","2020-12-27","",""
"","","Everybody Wants To Rule The World","Tears For Fears","Songs From The Big Chair","spotify:track:4RvWPyQ5RL0ao9LPZeSouE","null","null","null","2021-01-06","",""
"","","We Are One (Ole Ola) [The Official 2014 FIFA World Cup Song] (feat. Jennifer Lopez & Claudia Leitte)","Pitbull","We Are One (Ole Ola) [The Official 2014 FIFA World Cup Song] (feat. Jennifer Lopez & Claudia Leitte)","spotify:track:4pn0G7yHNfTgRYRWca8gYA","null","null","null","2021-02-07","",""
"","","Come with Me Now","KONGOS","Lunatic","spotify:track:2kWowW0k4oFymhkr7LmvzO","null","null","null","2021-02-10","",""
"","","King of Anything","Sara Bareilles","Kaleidoscope Heart","spotify:track:3VA8T3rNy5V24AXxNK5u9E","null","null","null","2021-02-19","",""
"","","Love Song","Sara Bareilles","Little Voice","spotify:track:4E6cwWJWZw2zWf7VFbH7wf","null","null","null","2021-02-21","",""
"","","She Will Be Loved - Radio Mix","Maroon 5","Songs About Jane: 10th Anniversary Edition","spotify:track:4llK75pXNWZz6KAho2Gp16","null","null","null","2021-02-21","",""
"","","A Thousand Miles","Vanessa Carlton","Be Not Nobody","spotify:track:4w1lzcaoZ1IC2K5TwjalRP","null","null","null","2021-02-21","",""
"","","Paper Planes","M.I.A.","Paper Planes","spotify:track:3ZlFUr0RBrUYYsmlcFvD0e","null","null","null","2021-02-21","",""
"","","You Found Me","The Fray","The Fray","spotify:track:4IoYz8XqqdowINzfRrFnhi","null","null","null","2021-02-21","",""
"","","Cooler Than Me - Single Mix","Mike Posner","Cooler Than Me","spotify:track:2MIqLCofYbazo7rXz5RErV","null","null","null","2021-02-21","",""
"","","Wanna Be Startin' Somethin'","Michael Jackson","Thriller 25 Super Deluxe Edition","spotify:track:2kulOHR2XY6YDZCWXb38hn","null","null","null","2021-03-04","",""
"","","Counting Stars","OneRepublic","Native","spotify:track:6sy3LkhNFjJWlaeSMNwQ62","null","null","null","2021-03-18","",""
"","","Bitter Sweet Symphony - Remastered 2016","The Verve","Urban Hymns","spotify:track:57iDDD9N9tTWe75x6qhStw","null","null","null","2021-03-19","",""
"","","Barbra Streisand","Duck Sauce","Quack","spotify:track:5WZXfM7kHpZi7Zi6XlFgGy","null","null","null","2021-03-19","",""
"","","The Lazy Song","Bruno Mars","Doo-Wops & Hooligans","spotify:track:1ExfPZEiahqhLyajhybFeS","null","null","null","2021-04-28","",""
"","","All Night","Big Boi","BOOMIVERSE","spotify:track:31wHBHqj66GhV4qXXl1MdI","null","null","null","2021-04-28","",""
"","","Marry You","Bruno Mars","Doo-Wops & Hooligans","spotify:track:22PMfvdz35fFKYnJyMn077","null","null","null","2021-04-28","",""
"","","Billionaire (feat. Bruno Mars)","Travie McCoy","Lazarus","spotify:track:2qPUnoasNe4Ep43emVXEig","null","null","null","2021-04-28","",""
"","","Portland","Drake","More Life","spotify:track:2bjwRfXMk4uRgOD9IBYl9h","null","null","null","2021-04-28","",""
"","","MotorSport","Migos","Culture II","spotify:track:4wFjTWCunQFKtukqrNijEt","null","null","null","2021-04-28","",""
"","","Life Goes On","Lil Baby","Harder Than Ever","spotify:track:2bSk87AVkCIIC3Bcligq1z","null","null","null","2021-04-28","",""
"","","Don't Stop 'Til You Get Enough","Michael Jackson","Off the Wall","spotify:track:46eu3SBuFCXWsPT39Yg3tJ","null","null","null","2021-04-28","",""
"","","Kiss","Prince","Parade - Music from the Motion Picture Under the Cherry Moon","spotify:track:62LJFaYihsdVrrkgUOJC05","null","null","null","2021-04-28","",""
"","","T-Shirt","Migos","Culture","spotify:track:7KOlJ92bu51cltsD9KU5I7","null","null","null","2021-04-28","",""
"","","Waiting On the World to Change","John Mayer","Continuum","spotify:track:5imShWWzwqfAJ9gXFpGAQh","null","null","null","2021-04-28","",""
"","","Young, Wild & Free (feat. Bruno Mars)","Snoop Dogg","Young, Wild & Free (feat. Bruno Mars)","spotify:track:5HQVUIKwCEXpe7JIHyY734","null","null","null","2021-04-28","",""
"","","Just the Way You Are","Bruno Mars","Doo-Wops & Hooligans","spotify:track:7BqBn9nzAq8spo5e7cZ0dJ","null","null","null","2021-04-28","",""
"","","Stolen Dance","Milky Chance","Sadnecessary","spotify:track:6vECYJHxYmm3Ydt3fF01pE","null","null","null","2021-04-28","",""
"","","Play That Song","Train","a girl a bottle a boat","spotify:track:77hjM9bMmgfTGJXv14UFmi","null","null","null","2021-04-28","",""
"","","Dumb Love","Sean Kingston","Dumb Love EP","spotify:track:7BGkpHiIqGGA8B9rRPf5VL","null","null","null","2021-04-28","",""
"","","Pompeii","Bastille","Bad Blood","spotify:track:3gbBpTdY8lnQwqxNCcf795","null","null","null","2021-04-28","",""
"","","Ophelia","The Lumineers","Cleopatra","spotify:track:3d8y0t70g7hw2FOWl9Z4Fm","null","null","null","2021-04-28","",""
"","","Shotgun","George Ezra","Staying at Tamara's","spotify:track:4ofwffwvvnbSkrMSCKQDaC","null","null","null","2021-04-28","",""
"","","I Want You Back","The Jackson 5","Diana Ross Presents The Jackson 5","spotify:track:5LxvwujISqiB8vpRYv887S","null","null","null","2021-04-28","",""
"","","We Built This City","Starship","Knee Deep In The Hoopla","spotify:track:6OnfBiiSc9RGKiBKKtZXgQ","null","null","null","2021-04-28","",""
"","","Californication","Red Hot Chili Peppers","Californication","spotify:track:48UPSzbZjgc449aqz8bxox","null","null","null","2021-04-29","",""
"","","Under the Bridge","Red Hot Chili Peppers","Blood Sugar Sex Magik","spotify:track:3d9DChrdc6BOeFsbrZ3Is0","null","null","null","2021-04-29","",""
"","","Electric Love","BØRNS","Dopamine","spotify:track:2GiJYvgVaD2HtM8GqD9EgQ","null","null","null","2021-05-02","",""
"","","Out of My League","Fitz and The Tantrums","More Than Just a Dream","spotify:track:2AYEOC02WLhUiOoaig2SEH","null","null","null","2021-05-02","",""
"","","Talk Too Much","COIN","How Will You Know If You Never Try","spotify:track:4djIFfof5TpbSGRZUpsTXq","null","null","null","2021-05-02","",""
"","","Minnesota","Lil Yachty","Lil Boat","spotify:track:4XkOcWt0C2JX1s2RXybosk","null","null","null","2021-05-02","",""
"","","Chill Bill (feat. J. Davi$ & Spooks)","Rob $tone","Chill Bill (feat. J. Davi$ & Spooks)","spotify:track:5uDASfU19gDxSjW8cnCaBp","null","null","null","2021-05-02","",""
"","","Caroline","Aminé","Good For You","spotify:track:5hTpBe8h35rJ67eAWHQsJx","null","null","null","2021-05-02","",""
"","","Waiting For Love","Avicii","Stories","spotify:track:2P4OICZRVAQcYAV2JReRfj","null","null","null","2021-05-02","",""
"","","The Nights","Avicii","The Days / Nights","spotify:track:0ct6r3EGTcMLPtrXHDvVjc","null","null","null","2021-05-02","",""
"","","Yellow","Coldplay","Parachutes","spotify:track:3AJwUDP919kvQ9QcozQPxg","null","null","null","2021-05-04","",""
"","","Midnight City","M83","Hurry Up, We're Dreaming","spotify:track:1eyzqe2QqGZUmfcPZtrIyt","null","null","null","2021-05-27","",""
"","","Money Trees","Kendrick Lamar","good kid, m.A.A.d city","spotify:track:2HbKqm4o0w5wEeEFXm2sD4","null","null","null","2021-05-27","",""
"","","Fine By Me","Andy Grammer","Andy Grammer","spotify:track:4wTChU0tU44TAMC0xcQizi","null","null","null","2021-05-27","",""
"","","God's Plan","Drake","Scorpion","spotify:track:6DCZcSspjsKoFjzjrWoCdn","null","null","null","2021-05-27","",""
"","","Better Now","Post Malone","beerbongs & bentleys","spotify:track:7dt6x5M1jzdTEt8oCbisTK","null","null","null","2021-05-27","",""
"","","ABC","The Jackson 5","ABC","spotify:track:6wDviYDtmSDZ0S6TVMM9Vc","null","null","null","2021-05-27","",""
"","","My Shit","A Boogie Wit da Hoodie","Artist","spotify:track:5uQOauh47VFt3B2kV9kRXw","null","null","null","2021-05-27","",""
"","","You Make My Dreams (Come True)","Daryl Hall & John Oates","Voices","spotify:track:4o6BgsqLIBViaGVbx5rbRk","null","null","null","2021-06-09","",""
"","","The Spins","Mac Miller","K.I.D.S.","spotify:track:51pshtuYkgUQnt5huMPbKL","null","null","null","2021-06-09","",""
"","","Ayye","Mac Miller","K.I.D.S. (Deluxe)","spotify:track:75fDVecaFMegTxBhb4ceqL","null","null","null","2021-06-09","",""
"","","Senior Skip Day","Mac Miller","K.I.D.S.","spotify:track:6vVftwBiIaM9xDVZhSwTCJ","null","null","null","2021-06-09","",""
"","","Best Day Ever","Mac Miller","Best Day Ever (5th Anniversary Remastered Edition)","spotify:track:56XhZKFVFeylLeAELp6pdE","null","null","null","2021-06-09","",""
"","","Bohemian Rhapsody - Remastered 2011","Queen","A Night At The Opera","spotify:track:7tFiyTwD0nx5a1eklYtX2J","null","null","null","2021-06-09","",""
"","","Another One Bites The Dust - Remastered 2011","Queen","The Game","spotify:track:57JVGBtBLCfHw2muk5416J","null","null","null","2021-06-09","",""
"","","Don't Stop Me Now - Remastered 2011","Queen","Jazz","spotify:track:7hQJA50XrCWABAu5v6QZ4i","null","null","null","2021-06-09","",""
"","","We Will Rock You - Remastered 2011","Queen","News Of The World","spotify:track:54flyrjcdnQdco7300avMJ","null","null","null","2021-06-09","",""
"","","COFFEE BEAN","Travis Scott","ASTROWORLD","spotify:track:6vnfObZ4Ys70SBAtti1xZ9","null","null","null","2021-07-02","",""
"","","Red Light Green Light","DaBaby","Red Light Green Light","spotify:track:1YDebgap5OFwXEBG18NJvy","null","null","null","2021-07-02","",""
"","","Kiss from a Rose","Seal","Seal","spotify:track:3YKptz29AsOlm7WAVnztBh","null","null","null","2021-07-06","",""
"","","Crazy","Seal","Best 1991 - 2004","spotify:track:6Vz7vzOpCwKeSQlfViibuY","null","null","null","2021-07-06","",""
"","","Stand by Me","Seal","Soul","spotify:track:5Ol6HmOotX5KxjhC1gkxd1","null","null","null","2021-07-06","",""
"","","Desert Rose","Sting","Brand New Day","spotify:track:4WhyHQ2BXi2VU1iaFbF6jv","null","null","null","2021-07-06","",""
"","","Take Me Out","Franz Ferdinand","Franz Ferdinand","spotify:track:20I8RduZC2PWMWTDCZuuAN","null","null","null","2021-07-12","",""
"","","Song 2 - 2012 Remaster","Blur","Blur","spotify:track:1FTSo4v6BOZH9QxKc3MbVM","null","null","null","2021-07-12","",""
"","","Slide (feat. Frank Ocean & Migos)","Calvin Harris","Slide (feat. Frank Ocean & Migos)","spotify:track:6gpcs5eMhJwax4mIfKDYQk","null","null","null","2021-07-13","",""
"","","Feels (feat. Pharrell Williams, Katy Perry & Big Sean)","Calvin Harris","Funk Wav Bounces Vol.1","spotify:track:5bcTCxgc7xVfSaMV3RuVke","null","null","null","2021-07-13","",""
"","","Versace on the Floor (Bruno Mars vs. David Guetta)","Bruno Mars","Versace On The Floor (Bruno Mars vs. David Guetta)","spotify:track:5UJshy5HDHdNEVqlJwzsQB","null","null","null","2021-07-13","",""
"","","I Feel It Coming","The Weeknd","Starboy","spotify:track:5GXAXm5YOmYT0kL5jHvYBt","null","null","null","2021-07-13","",""
"","","Chasing Pavements","Adele","19","spotify:track:56pHllZT7QOacB0bP56ofx","null","null","null","2021-07-26","",""
"","","Money In The Grave (Drake ft. Rick Ross)","Drake","The Best In The World Pack","spotify:track:5ry2OE6R2zPQFDO85XkgRb","null","null","null","2021-07-26","",""
"","","Goodbyes (Feat. Young Thug)","Post Malone","Goodbyes (Feat. Young Thug)","spotify:track:6vBdBCoOhKHiYDDOcorfNo","null","null","null","2021-07-26","",""
"","","223's (feat. 9lokknine)","YNW Melly","223's (feat. 9lokknine)","spotify:track:4sjiIpEv617LDXaidKioOI","null","null","null","2021-07-26","",""
"","","5% TINT","Travis Scott","ASTROWORLD","spotify:track:11kDth1aKUEUMq9r1pqyds","null","null","null","2021-07-26","",""
"","","Let Me Down","Oliver Tree","Ugly is Beautiful","spotify:track:0jk6J6B9ivegJc7dTg10Mp","null","null","null","2021-07-26","",""
"","","Tongue Tied","GROUPLOVE","Never Trust a Happy Song","spotify:track:0GO8y8jQk1PkHzS31d699N","null","null","null","2021-07-26","",""
"","","Cash Machine","Oliver Tree","Cash Machine","spotify:track:3ernkvxpkWap60SeadSqGL","null","null","null","2021-07-26","",""
"","","Sunday Best","Surfaces","Where the Light Is","spotify:track:1Cv1YLb4q0RzL6pybtaMLo","null","null","null","2021-07-26","",""
"","","Save Your Tears (with Ariana Grande) (Remix)","The Weeknd","Save Your Tears","spotify:track:37BZB0z9T8Xu7U3e65qxFy","null","null","null","2021-07-26","",""
"","","Blinding Lights","The Weeknd","After Hours","spotify:track:0VjIjW4GlUZAMYd2vXMi3b","null","null","null","2021-07-26","",""
"","","Save Your Tears","The Weeknd","After Hours","spotify:track:5QO79kh1waicV47BqGRL3g","null","null","null","2021-07-26","",""
"","","The Hills","The Weeknd","Beauty Behind The Madness","spotify:track:7fBv7CLKzipRk6EC6TWHOB","null","null","null","2021-07-26","",""
"","","Leave The Door Open","Bruno Mars","Leave The Door Open","spotify:track:7MAibcTli4IisCtbHKrGMh","null","null","null","2021-07-26","",""
"","","10 Freaky Girls (with 21 Savage)","Metro Boomin","NOT ALL HEROES WEAR CAPES","spotify:track:0AluA5RNsa4Cx6XRhf2hWZ","null","null","null","2021-07-27","",""
"","","Psycho (feat. Ty Dolla $ign)","Post Malone","beerbongs & bentleys","spotify:track:3swc6WTsr7rl9DqQKQA55C","null","null","null","2021-07-27","",""
"","","Highway to Hell","AC/DC","Highway to Hell","spotify:track:2zYzyRzz6pRmhPzyfMEC8s","null","null","null","2021-07-27","",""
"","","Paradise City","Guns N' Roses","Appetite For Destruction","spotify:track:3YBZIN3rekqsKxbJc9FZko","null","null","null","2021-07-27","",""
"","","Crazy Train","Ozzy Osbourne","Blizzard of Ozz (Expanded Edition)","spotify:track:2b9lp5A6CqSzwOrBfAFhof","null","null","null","2021-07-27","",""
"","","Crazy","Gnarls Barkley","St. Elsewhere","spotify:track:2N5zMZX7YeL1tico8oQxa9","null","null","null","2021-08-06","",""
"","","Tom's Diner","Suzanne Vega","Tom's Album","spotify:track:7f9sC9fvtjYSZYOLSmKJlq","null","null","null","2021-08-13","",""
"","","California Love - Original Version","2Pac","The Best of 2Pac","spotify:track:3djNBlI7xOggg7pnsOLaNm","null","null","null","2021-08-21","",""
"","","Tick Tock","Young Thug","Tick Tock","spotify:track:3JXebpWufTcs8iegiRCBW7","null","null","null","2021-08-21","",""
"","","Treasure","Bruno Mars","Unorthodox Jukebox","spotify:track:1GDrGx9VWaAgaekuddnLYq","null","null","null","2021-08-23","",""
"","","The Man","Aloe Blacc","Lift Your Spirit","spotify:track:2stPxcgjdSImK7Gizl8ZUN","null","null","null","2021-08-23","",""
"","","The Walker","Fitz and The Tantrums","More Than Just a Dream","spotify:track:0Nk7bSn0MItonkR0GNs3mj","null","null","null","2021-08-23","",""
"","","What Is Love - 7"" Mix","Haddaway","The Album","spotify:track:2IHaGyfxNoFPLJnaEg4GTs","null","null","null","2021-08-31","",""
"","","Hurricane","Kanye West","Donda","spotify:track:0RbW8kWozrVSIGb4V13o0o","null","null","null","2021-09-04","",""
"","","Jail","Kanye West","Donda","spotify:track:42ZrMq4BKsWDrrbMnMRYaK","null","null","null","2021-09-04","",""
"","","Off The Grid","Kanye West","Donda","spotify:track:2gbMPBrBVj3CuNTLp2dHYs","null","null","null","2021-09-04","",""
"","","DUCKWORTH.","Kendrick Lamar","DAMN.","spotify:track:0y9uTzK9cNKSAEHnpeRG8C","null","null","null","2021-09-08","",""
"","","Pursuit Of Happiness (Nightmare)","Kid Cudi","Man On The Moon: The End Of Day","spotify:track:5iSEsR6NKjlC9SrIJkyL3k","null","null","null","2021-09-08","",""
"","","Bound 2","Kanye West","Yeezus","spotify:track:3sNVsP50132BTNlImLx70i","null","null","null","2021-09-08","",""
"","","RUNNING OUT OF TIME","Tyler, The Creator","IGOR","spotify:track:5QvBXUm5MglLJ3iBfTX2Wo","null","null","null","2021-09-08","",""
"","","Blue World","Mac Miller","Circles","spotify:track:2hwOoMtWPtTSSn6WHV7Vp5","null","null","null","2021-09-08","",""
"","","Girls Want Girls (with Lil Baby)","Drake","Certified Lover Boy","spotify:track:37Nqx7iavZpotJSDXZWbJ3","null","null","null","2021-09-11","",""
"","","Way 2 Sexy (with Future & Young Thug)","Drake","Certified Lover Boy","spotify:track:0k1WUmIRnG3xU6fvvDVfRG","null","null","null","2021-09-11","",""
"","","Champagne Poetry","Drake","Certified Lover Boy","spotify:track:2HSmyk2qMN8WQjuGhaQgCk","null","null","null","2021-09-11","",""
"","","TSU","Drake","Certified Lover Boy","spotify:track:4s7QLoImIwmPi9L6dq1nVW","null","null","null","2021-09-11","",""
"","","Mr. Rager","Kid Cudi","Man On The Moon II: The Legend Of Mr. Rager","spotify:track:393MDhe62s8hbH8ETrlxe5","null","null","null","2021-09-16","",""
"","","We Major","Kanye West","Late Registration","spotify:track:46fk9wjYcPm0sgym2b7EEE","null","null","null","2021-09-16","",""
"","","Cudi Zone","Kid Cudi","Man On The Moon: The End Of Day","spotify:track:6P9uVc2SxCOAiextf4udxk","null","null","null","2021-09-16","",""
"","","Alright","Kendrick Lamar","To Pimp A Butterfly","spotify:track:3iVcZ5G6tvkXZkZKlMpIUs","null","null","null","2021-09-16","",""
"","","Flashing Lights","Kanye West","Graduation","spotify:track:31I3Rt1bPa2LrE74DdNizO","null","null","null","2021-09-16","",""
"","","Walking On A Dream","Empire Of The Sun","Walking On A Dream","spotify:track:5r5cp9IpziiIsR6b93vcnQ","null","null","null","2021-09-18","",""
"","","Back To Back","Drake","Back To Back","spotify:track:5lFDtgWsjRJu8fPOAyJIAK","null","null","null","2021-09-19","",""
"","","It Will Rain","Bruno Mars","It Will Rain","spotify:track:4rMNgxEwGWoPHIUcvB5BrB","null","null","null","2021-09-19","",""
"","","i","Kendrick Lamar","i","spotify:track:7wdzLe2Gsx1RGqbvYZHASz","null","null","null","2021-09-19","",""
"","","family ties (with Kendrick Lamar)","Baby Keem","The Melodic Blue","spotify:track:3QFInJAm9eyaho5vBzxInN","null","null","null","2021-09-21","",""
"","","All The Stars (with SZA)","Kendrick Lamar","Black Panther The Album Music From And Inspired By","spotify:track:3GCdLUSnKSMJhs4Tj6CV3s","null","null","null","2021-09-21","",""
"","","LOVE. FEAT. ZACARI.","Kendrick Lamar","DAMN.","spotify:track:6PGoSes0D9eUDeeAafB2As","null","null","null","2021-09-21","",""
"","","Borderline","Tame Impala","The Slow Rush","spotify:track:5hM5arv9KDbCHS0k9uqwjr","null","null","null","2021-09-22","",""
"","","It Was A Good Day","Ice Cube","The Predator","spotify:track:2qOm7ukLyHUXWyR4ZWLwxA","null","null","null","2021-09-22","",""
"","","Enter Galactic (Love Connection Part I)","Kid Cudi","Man On The Moon: The End Of Day","spotify:track:6Bs8KdjRAuv3rzCIdchXwu","null","null","null","2021-09-22","",""
"","","Up Up & Away","Kid Cudi","Man On The Moon: The End Of Day","spotify:track:6MWH4pJQ5QYjidX2A2KECd","null","null","null","2021-09-22","",""
"","","Interlude (That's Love)","Chance the Rapper","Acid Rap","spotify:track:7nrraHMpSbyJJoN3unjjoJ","null","null","null","2021-09-22","",""
"","","Fair Trade (with Travis Scott)","Drake","Certified Lover Boy","spotify:track:40iJIUlhi6renaREYGeIDS","null","null","null","2021-09-22","",""
"","","Me and Your Mama","Childish Gambino","""Awaken, My Love!""","spotify:track:31tf1qEai5o5f4r66Kd0pU","null","null","null","2021-09-22","",""
"","","Chanel","Frank Ocean","Chanel","spotify:track:6Nle9hKrkL1wQpwNfEkxjh","null","null","null","2021-09-22","",""
"","","Sober","Childish Gambino","Kauai","spotify:track:7JRxU6iBw0nsgdnDlfBgP0","null","null","null","2021-09-22","",""
"","","Roll Up","Fitz and The Tantrums","Fitz and The Tantrums","spotify:track:7L6v4BoEk6efFAC4ErAKj5","null","null","null","2021-09-22","",""
"","","Fly Away","Lenny Kravitz","5","spotify:track:1OxcIUqVmVYxT6427tbhDW","null","null","null","2021-09-27","",""
"","","Can't Stop","Red Hot Chili Peppers","By the Way","spotify:track:3ZOEytgrvLwQaqXreDs2Jx","null","null","null","2021-09-28","",""
"","","Scar Tissue","Red Hot Chili Peppers","Californication","spotify:track:1G391cbiT3v3Cywg8T7DM1","null","null","null","2021-09-28","",""
"","","Am I Wrong","Nico & Vinz","Black Star Elephant","spotify:track:1fidCEsYlaVE3pHwKCvpFZ","null","null","null","2021-09-29","",""
"","","Prayer in C - Robin Schulz Radio Edit","Lilly Wood and The Prick","Prayer in C","spotify:track:5fnA9mkIfScSqHIpeDyvck","null","null","null","2021-09-29","",""
"","","Waves - Robin Schulz Radio Edit","Mr. Probz","Waves","spotify:track:1HFfMOxCAT4GAwaPfCdmUs","null","null","null","2021-09-29","",""
"","","Don't You Worry Child - Radio Edit","Swedish House Mafia","Don't You Worry Child","spotify:track:2V65y3PX4DkRhy1djlxd9p","null","null","null","2021-09-29","",""
"","","Are You Bored Yet? (feat. Clairo)","Wallows","Nothing Happens","spotify:track:57RA3JGafJm5zRtKJiKPIm","null","null","null","2021-09-29","",""
"","","hello!","ROLE MODEL","oh, how perfect","spotify:track:7a2IJHzw9WJjoknwdnCop0","null","null","null","2021-09-29","",""
"","","Daddy Issues","The Neighbourhood","Wiped Out!","spotify:track:5E30LdtzQTGqRvNd7l6kG5","null","null","null","2021-09-29","",""
"","","Sweater Weather","The Neighbourhood","I Love You.","spotify:track:2QjOHCTQ1Jl3zawyYOpxh6","null","null","null","2021-09-29","",""
"","","Love Runs Out","OneRepublic","Native","spotify:track:3cOO5IQtOYs7huq4Z6lYfr","null","null","null","2021-10-02","",""
"","","Drive By","Train","California 37","spotify:track:0KAiuUOrLTIkzkpfpn9jb9","null","null","null","2021-10-04","",""
"","","Redbone","Childish Gambino","""Awaken, My Love!""","spotify:track:0wXuerDYiBnERgIpbb3JBR","null","null","null","2021-10-05","",""
"","","Get Lucky (feat. Pharrell Williams and Nile Rodgers)","Daft Punk","Random Access Memories","spotify:track:69kOkLUCkxIZYexIgSG8rq","null","null","null","2021-10-06","",""
"","","Take a Walk","Passion Pit","Gossamer","spotify:track:4Sfa7hdVkqlM8UW5LsSY3F","null","null","null","2021-10-11","",""
"","","Skyfall","Adele Adkins","Skyfall","spotify:track:6VObnIkLVruX4UVyxWhlqm","null","null","null","2021-10-15","",""
"","","Dog Days Are Over","Florence + The Machine","Lungs","spotify:track:1YLJVmuzeM2YSUkCCaTNUB","null","null","null","2021-10-21","",""
"","","No Problem (feat. Lil Wayne & 2 Chainz)","Chance the Rapper","Coloring Book","spotify:track:0v9Wz8o0BT8DU38R4ddjeH","null","null","null","2021-10-25","",""
"","","My Type","Saint Motel","My Type EP","spotify:track:2Iq6HhIquO7JKr0KfTNLzU","null","null","null","2021-11-10","",""
"","","Beer Never Broke My Heart","Luke Combs","What You See Is What You Get","spotify:track:7aEtlGHoiPAfRB084NiDmx","null","null","null","2021-11-25","",""
"","","By Your Side","Rod Wave","By Your Side","spotify:track:2AaJeBEq3WLcfFW1y8svDf","null","null","null","2021-11-27","",""
"","","My X","Rae Sremmurd","SremmLife","spotify:track:1GLcGInllpE4JUTStzaCOM","null","null","null","2021-11-29","",""
"","","This Could Be Us","Rae Sremmurd","SremmLife","spotify:track:4jTiyLlOJVJj3mCr7yfPQD","null","null","null","2021-11-29","",""
"","","Come Get Her","Rae Sremmurd","SremmLife","spotify:track:1Ser4X0TKttOvo8bgdytTP","null","null","null","2021-11-29","",""
"","","Knife Talk (with 21 Savage ft. Project Pat)","Drake","Certified Lover Boy","spotify:track:2BcMwX1MPV6ZHP4tUT9uq6","null","null","null","2021-11-29","",""
"","","Ambition For Cash","Key Glock","Ambition For Cash","spotify:track:1tkipCYkIgti8f1tqjfcWe","null","null","null","2021-11-29","",""
"","","Knock Knock","Mac Miller","Knock Knock - Single","spotify:track:3uYm4MtU6jUQft2DtGqEoZ","null","null","null","2021-12-07","",""
"","","Hot (feat. Gunna)","Young Thug","So Much Fun","spotify:track:5Z8HZM6iQMhhqyPcCGY5g9","null","null","null","2021-12-07","",""
"","","The Recipe (Black Hippy Remix) - Bonus Track","Kendrick Lamar","good kid, m.A.A.d city","spotify:track:5UHjWOJA6MDl1g3x2HC68V","null","null","null","2022-01-05","",""
"","","Bills","LunchMoney Lewis","Bills","spotify:track:7rlCeTnjn0plPZkVAcctPZ","null","null","null","2022-01-11","",""
"","","My Way","Calvin Harris","My Way","spotify:track:1vvNmPOiUuyCbgWmtc6yfm","null","null","null","2022-01-12","",""
"","","Don't Wanna Fall In Love","KYLE","Smyle","spotify:track:1YakuHfzKxjnseCEeVQtrY","null","null","null","2022-01-26","",""
"","","Topanga","Trippie Redd","A Love Letter To You 3","spotify:track:5aXgz1oKK8Q9z9xvTmSnrO","null","null","null","2022-01-29","",""
"","","Everyday (feat. Rod Stewart, Miguel & Mark Ronson)","A$AP Rocky","AT.LONG.LAST.A$AP","spotify:track:2N3U8uTYhjX2KwGT0pf5x0","null","null","null","2022-02-02","",""
"","","Lose Yourself","Eminem","SHADYXV","spotify:track:77Ft1RJngppZlq59B6uP0z","null","null","null","2022-02-09","",""
"","","FACK","Eminem","Curtain Call: The Hits","spotify:track:0fMWtRhzOoWoCo7dRHVEEa","null","null","null","2022-02-09","",""
"","","Me or Sum (feat. Future & Lil Baby)","Nardo Wick","Me or Sum (feat. Future & Lil Baby)","spotify:track:1qlh1WxuWilyIWRwdsKMuJ","null","null","null","2022-02-12","",""
"","","Wish I Knew You","The Revivalists","Men Amongst Mountains","spotify:track:2EWpa5XnAuSn0sIkSSIhYk","null","null","null","2022-02-13","",""
"","","Kids","MGMT","Oracular Spectacular","spotify:track:1jJci4qxiYcOHhQR247rEU","null","null","null","2022-02-15","",""
"","","m.A.A.d city","Kendrick Lamar","good kid, m.A.A.d city","spotify:track:2cDCojn6uIBM6A5xTAbl3H","null","null","null","2022-02-16","",""
"","","Mr. Right Now (feat. Drake)","21 Savage","SAVAGE MODE II","spotify:track:4Q34FP1AT7GEl9oLgNtiWj","null","null","null","2022-02-21","",""
"","","Homecoming","Kanye West","Graduation","spotify:track:2BcbpKOj2vvG7GHXv6vKqN","null","null","null","2022-03-01","",""
"","","Say Hey (I Love You) (feat. Cherine Anderson)","Michael Franti & Spearhead","All Rebel Rockers","spotify:track:383B8ksM58jbV3HbiRJo0K","null","null","null","2022-05-28","",""
"","","Goodie Bag","Still Woozy","Goodie Bag","spotify:track:4vHNeBWDQpVCmGbaccrRzi","null","null","null","2022-06-01","",""
"","","Window","Still Woozy","Window","spotify:track:3hARuUtzTdUuWH1KiLJlSf","null","null","null","2022-06-01","",""
"","","Float On","Modest Mouse","Good News For People Who Love Bad News","spotify:track:2lwwrWVKdf3LR9lbbhnr6R","null","null","null","2022-06-23","",""
"","","Earth Song","Michael Jackson","HIStory - PAST, PRESENT AND FUTURE - BOOK I","spotify:track:4GCGH6TJ69neckwITeBFXK","null","null","null","2022-06-27","",""
"","","I'm Still Standing","Elton John","Too Low For Zero","spotify:track:1jDJFeK9x3OZboIAHsY9k2","null","null","null","2022-07-10","",""
"","","Crazy Rap (Colt 45 & 2 Zig Zags)","Afroman","The Good Times","spotify:track:1ACZpHI5vZ5Ea4xGlkdGWM","null","null","null","2022-07-13","",""
"","","Say","John Mayer","Say","spotify:track:6wZI4mdT8JwXgkGURnBQiq","null","null","null","2022-09-20","",""
"","","Champion (feat. Travis Scott)","NAV","RECKLESS","spotify:track:6nO3tr47nr2P7f3hXb8JIo","null","null","null","2022-09-27","",""
"","","pick up the phone","Young Thug","pick up the phone","spotify:track:4GXl8l1MfZPf2GvpyRPJBf","null","null","null","2022-09-27","",""
"","","SICKO MODE","Travis Scott","ASTROWORLD","spotify:track:2xLMifQCjDGFmkHkpNLD9h","null","null","null","2022-09-27","",""
"","","Nowadays (feat. Landon Cube)","Lil Skies","Life of a Dark Rose","spotify:track:2u7mxWSeoqTXndK5e08jMp","null","null","null","2022-09-27","",""
"","","Adventure of a Lifetime","Coldplay","A Head Full of Dreams","spotify:track:69uxyAqqPIsUyTO8txoP2M","null","null","null","2022-10-06","",""
"","","Basket Case","Green Day","Dookie","spotify:track:6L89mwZXSOwYl76YXfX13s","null","null","null","2022-10-06","",""
"","","American Idiot","Green Day","American Idiot","spotify:track:6nTiIhLmQ3FWhvrGafw2zj","null","null","null","2022-10-06","",""
"","","90210 (feat. Kacy Hill)","Travis Scott","Rodeo","spotify:track:51EC3I1nQXpec4gDk0mQyP","null","null","null","2022-10-18","",""
"","","Champions","Kanye West","Champions","spotify:track:2nBI3iWLhupR7LyAJ5GGkE","null","null","null","2022-10-28","",""
"","","King Kunta","Kendrick Lamar","To Pimp A Butterfly","spotify:track:0N3W5peJUQtI4eyR6GJT5O","null","null","null","2022-11-01","",""
"","","Human Nature","Michael Jackson","Thriller","spotify:track:4cgjA7B4fJBHyB9Ya2bu0t","null","null","null","2022-11-09","",""
"","","Use This Gospel","Kanye West","JESUS IS KING","spotify:track:0oPOuDmmkVp3h6puekhs6P","null","null","null","2022-12-05","",""
"","","Bitch, Don’t Kill My Vibe","Kendrick Lamar","good kid, m.A.A.d city","spotify:track:4Pwjz3DfvfQWV0rO2V8jyh","null","null","null","2022-12-10","",""
"","","Godzilla (feat. Juice WRLD)","Eminem","Music To Be Murdered By","spotify:track:7FIWs0pqAYbP91WWM0vlTQ","null","null","null","2022-12-10","",""
"","","Erase Me - Main","Kid Cudi","Man On The Moon II: The Legend Of Mr. Rager","spotify:track:6XkuklKiHYVTlVvWlTgQYP","null","null","null","2022-12-11","",""
"","","WIN","Jay Rock","Redemption","spotify:track:69WMdZSqdQwFgLVpbMsZ2J","null","null","null","2022-12-11","",""
"","","Prospect (ft. Lil Baby)","iann dior","I'm Gone","spotify:track:4iHSE5R1U8jf84tRn52xRt","null","null","null","2022-12-13","",""
"","","Black Skinhead","Kanye West","Yeezus","spotify:track:722tgOgdIbNe3BEyLnejw4","null","null","null","2022-12-13","",""
"","","Waves","Kanye West","The Life Of Pablo","spotify:track:3nAq2hCr1oWsIU54tS98pL","null","null","null","2022-12-13","",""
"","","Backseat Freestyle","Kendrick Lamar","good kid, m.A.A.d city","spotify:track:3aGibUHhQyBsyumYHylw0K","null","null","null","2022-12-19","",""
"","","Snow (Hey Oh)","Red Hot Chili Peppers","Stadium Arcadium","spotify:track:2aibwv5hGXSgw7Yru8IYTO","null","null","null","2023-01-11","",""
"","","Love Never Felt So Good","Michael Jackson","XSCAPE","spotify:track:0S5EEpFAHcT7cm5XOASc29","null","null","null","2023-02-19","",""
"","","Someone New","Hozier","Hozier (Expanded Edition)","spotify:track:2DNXgvkyv35vTWvdgjs7qn","null","null","null","2023-02-20","",""
"","","Killer Queen - Remastered 2011","Queen","Sheer Heart Attack","spotify:track:4cIPLtg1avt2Jm3ne9S1zy","null","null","null","2023-02-24","",""
"","","Champion","Kanye West","Graduation","spotify:track:4UQMOPSUVJVicIQzjAcRRZ","null","null","null","2023-03-01","",""
"","","Hell N Back","Bakar","Hell N Back","spotify:track:3NRql0A1Ef4RCvT473iqgD","null","null","null","2023-03-08","",""
"","","Fire and the Flood","Vance Joy","Dream Your Life Away","spotify:track:6liNJDyWJjyHAgDnAX95bw","null","null","null","2023-03-31","",""
"","","Jackie Chan","Tiësto","The London Sessions","spotify:track:4vvnuJlgBeNVwq3TNmLMNX","null","null","null","2023-04-04","",""
"","","Transportin'","Kodak Black","Project Baby 2: All Grown Up","spotify:track:1WIZiOuNO3woKfdlSK2gNn","null","null","null","2023-04-04","",""
"","","Bleeding Out","Imagine Dragons","Night Visions","spotify:track:6NaBDHz9C7Uz9Z9CwLXQin","null","null","null","2023-04-06","",""
"","","Surround Sound (feat. 21 Savage & Baby Tate)","JID","The Forever Story","spotify:track:1udwFobQ1JoOdWPQrp2b6u","null","null","null","2023-07-15","",""
"","","love.","Kid Cudi","The Boy Who Flew To The Moon","spotify:track:5XFoaqV1Z8XaLJidchVWhh","null","null","null","2023-07-17","",""
"","","Feels Like We Only Go Backwards","Tame Impala","Lonerism","spotify:track:0LtOwyZoSNZKJWHqjzADpW","null","null","null","2024-02-27","",""
